<Styles>
    <WordsStyle name="DEFAULT" fgColor="660E7A" bgColor="FFFFFF" colorStyle="1" fontName="" fontStyle="3" nesting="0" />
    <WordsStyle name="COMMENTS" fgColor="808080" bgColor="FFFFFF" colorStyle="1" fontName="" fontStyle="2" nesting="0" />
    <WordsStyle name="LINE COMMENTS" fgColor="808080" bgColor="FFFFFF" colorStyle="1" fontName="" fontStyle="2" nesting="0" />
    <WordsStyle name="NUMBERS" fgColor="0000FF" bgColor="FFFFFF" colorStyle="1" fontName="" fontStyle="0" nesting="0" />
    <WordsStyle name="KEYWORDS1" fgColor="000080" bgColor="FFFFFF" colorStyle="1" fontName="" fontStyle="1" nesting="0" />
    <WordsStyle name="KEYWORDS2" fgColor="000000" bgColor="FFFFFF" colorStyle="1" fontName="" fontStyle="0" nesting="0" />
    <WordsStyle name="KEYWORDS3" fgColor="000000" bgColor="FFFFFF" colorStyle="1" fontName="" fontStyle="0" nesting="0" />
    <WordsStyle name="KEYWORDS4" fgColor="000080" bgColor="FFFFFF" colorStyle="1" fontName="" fontStyle="1" nesting="0" />
    <WordsStyle name="KEYWORDS5" fgColor="0000FF" bgColor="FFFFFF" colorStyle="1" fontName="" fontStyle="0" nesting="0" />
    <WordsStyle name="KEYWORDS6" fgColor="458383" bgColor="FFFFFF" colorStyle="1" fontName="" fontStyle="0" nesting="0" />
    <WordsStyle name="KEYWORDS7" fgColor="000000" bgColor="FFFFFF" colorStyle="1" fontName="" fontStyle="0" nesting="0" />
    <WordsStyle name="KEYWORDS8" fgColor="000000" bgColor="FFFFFF" colorStyle="1" fontName="" fontStyle="0" nesting="0" />
    <WordsStyle name="OPERATORS" fgColor="000000" bgColor="FFFFFF" colorStyle="1" fontName="" fontStyle="0" nesting="0" />
    <WordsStyle name="FOLDER IN CODE1" fgColor="000000" bgColor="FFFFFF" colorStyle="1" fontName="" fontStyle="0" nesting="0" />
    <WordsStyle name="FOLDER IN CODE2" fgColor="FF8000" bgColor="FFFFFF" colorStyle="1" fontName="" fontStyle="0" nesting="0" />
    <WordsStyle name="FOLDER IN COMMENT" fgColor="000000" bgColor="FFFFFF" colorStyle="1" fontName="" fontStyle="0" nesting="0" />
    <WordsStyle name="DELIMITERS1" fgColor="008000" bgColor="FFFFFF" colorStyle="1" fontName="" fontStyle="1" nesting="0" />
    <WordsStyle name="DELIMITERS2" fgColor="000000" bgColor="FFFFFF" colorStyle="1" fontName="" fontStyle="0" nesting="0" />
    <WordsStyle name="DELIMITERS3" fgColor="000000" bgColor="FFFFFF" colorStyle="1" fontName="" fontStyle="0" nesting="0" />
    <WordsStyle name="DELIMITERS4" fgColor="000000" bgColor="FFFFFF" colorStyle="1" fontName="" fontStyle="0" nesting="0" />
    <WordsStyle name="DELIMITERS5" fgColor="000000" bgColor="FFFFFF" colorStyle="1" fontName="" fontStyle="0" nesting="0" />
    <WordsStyle name="DELIMITERS6" fgColor="000000" bgColor="FFFFFF" colorStyle="1" fontName="" fontStyle="0" nesting="0" />
    <WordsStyle name="DELIMITERS7" fgColor="000000" bgColor="FFFFFF" colorStyle="1" fontName="" fontStyle="0" nesting="0" />
    <WordsStyle name="DELIMITERS8" fgColor="000000" bgColor="FFFFFF" colorStyle="1" fontName="" fontStyle="0" nesting="0" />
</Styles>