<!-- Created by SicSemperTyrannis -->
<Styles>
    <WordsStyle name="DEFAULT" fgColor="CEDF99" bgColor="FFFFFF" colorStyle="1" fontName="" fontStyle="0" fontSize="10" nesting="0" />
    <WordsStyle name="COMMENTS" fgColor="7F9F7F" bgColor="FFFFFF" colorStyle="1" fontName="" fontStyle="0" nesting="0" />
    <WordsStyle name="LINE COMMENTS" fgColor="7F9F7F" bgColor="FFFFFF" colorStyle="1" fontName="" fontStyle="2" nesting="0" />
    <WordsStyle name="NUMBERS" fgColor="8CCFD3" bgColor="FFFFFF" colorStyle="1" fontName="" fontStyle="0" fontSize="10" />
    <WordsStyle name="KEYWORDS1" fgColor="C1D28E" bgColor="FFFFFF" colorStyle="1" fontName="" fontStyle="1" nesting="0" />
    <WordsStyle name="KEYWORDS2" fgColor="FFBC79" bgColor="FFFFFF" colorStyle="1" fontName="" fontStyle="1" nesting="0" />
    <WordsStyle name="KEYWORDS3" fgColor="FFBC79" bgColor="FFFFFF" colorStyle="1" fontName="" fontStyle="0" nesting="0" />
    <WordsStyle name="KEYWORDS4" fgColor="92A9D1" bgColor="FFFFFF" colorStyle="1" fontName="" fontStyle="1" nesting="0" />
    <WordsStyle name="KEYWORDS5" fgColor="92A9D1" bgColor="FFFFFF" colorStyle="1" fontName="" fontStyle="1" nesting="0" />
    <WordsStyle name="KEYWORDS6" fgColor="CEDF99" bgColor="FFFFFF" colorStyle="1" fontName="" fontStyle="1" fontSize="10" nesting="0" />
    <WordsStyle name="KEYWORDS7" fgColor="FFBC79" bgColor="FFFFFF" colorStyle="1" fontName="" fontStyle="0" nesting="0" />
    <WordsStyle name="KEYWORDS8" fgColor="FFBC79" bgColor="FFFFFF" colorStyle="1" fontName="" fontStyle="0" nesting="0" />
    <WordsStyle name="OPERATORS" fgColor="9F9D6D" bgColor="FFFFFF" colorStyle="1" fontName="" fontStyle="1" nesting="0" />
    <WordsStyle name="FOLDER IN CODE1" fgColor="9F9D6D" bgColor="FFFFFF" colorStyle="1" fontName="" fontStyle="1" nesting="0" />
    <WordsStyle name="FOLDER IN CODE2" fgColor="FF8000" bgColor="FFFFFF" colorStyle="1" fontName="" fontStyle="0" nesting="0" />
    <WordsStyle name="FOLDER IN COMMENT" fgColor="FFBC79" bgColor="FFFFFF" colorStyle="1" fontName="" fontStyle="0" nesting="0" />
    <WordsStyle name="DELIMITERS1" fgColor="CC9393" bgColor="FFFFFF" colorStyle="1" nesting="0" />
    <WordsStyle name="DELIMITERS2" fgColor="000000" bgColor="FFFFFF" colorStyle="1" nesting="0" />
    <WordsStyle name="DELIMITERS3" fgColor="000000" bgColor="FFFFFF" colorStyle="1" nesting="0" />
    <WordsStyle name="DELIMITERS4" fgColor="000000" bgColor="FFFFFF" colorStyle="1" nesting="0" />
    <WordsStyle name="DELIMITERS5" fgColor="000000" bgColor="FFFFFF" colorStyle="1" nesting="0" />
    <WordsStyle name="DELIMITERS6" fgColor="000000" bgColor="FFFFFF" colorStyle="1" nesting="0" />
    <WordsStyle name="DELIMITERS7" fgColor="000000" bgColor="FFFFFF" colorStyle="1" nesting="0" />
    <WordsStyle name="DELIMITERS8" fgColor="000000" bgColor="FFFFFF" colorStyle="1" nesting="0" />
</Styles>