<?xml version="1.0" encoding="Windows-1252" ?>
<!-- Create by Sanjo (https://github.com/Sanjo) -->
<!-- Important: The name of this file must match the name of the user defined language of ArmA 3. -->
<NotepadPlus>
    <AutoComplete language="SQF">
        <!-- Unfortunately the space character doesn't work as startFunc character. So function paramter hints are currently not possible. -->
        <Environment ignoreCase="yes" startFunc="" stopFunc="" paramSeparator="," terminal=";" additionalWordChar=""/>
        <!-- The following items should be alphabetically ordered. -->
        <KeyWord name="abs" />
        <KeyWord name="accTime" />
        <KeyWord name="acos" />
        <KeyWord name="action" />
        <KeyWord name="actionKeys" />
        <KeyWord name="actionKeysImages" />
        <KeyWord name="actionKeysNames" />
        <KeyWord name="actionKeysNamesArray" />
        <KeyWord name="actionName" />
        <KeyWord name="activateAddons" />
        <KeyWord name="activateKey" />
        <KeyWord name="addAction" />
        <KeyWord name="addBackpack" />
        <KeyWord name="addBackpackCargo" />
        <KeyWord name="addBackpackCargoGlobal" />
        <KeyWord name="addCamShake" />
        <KeyWord name="addEditorObject" />
        <KeyWord name="addEventHandler" />
        <KeyWord name="addGoggles" />
        <KeyWord name="addGroupIcon" />
        <KeyWord name="addHandgunItem" />
        <KeyWord name="addHeadgear" />
        <KeyWord name="addItem" />
        <KeyWord name="addItemCargo" />
        <KeyWord name="addItemCargoGlobal" />
        <KeyWord name="addLiveStats" />
        <KeyWord name="addMagazine" />
        <KeyWord name="addMagazine" />
        <KeyWord name="addMagazineCargo" />
        <KeyWord name="addMagazineCargoGlobal" />
        <KeyWord name="addMagazinePool" />
        <KeyWord name="addMagazines" />
        <KeyWord name="addMagazineTurret" />
        <KeyWord name="addMenu" />
        <KeyWord name="addMenuItem" />
        <KeyWord name="addMissionEventHandler" />
        <KeyWord name="addMPEventHandler" />
        <KeyWord name="addMusicEventHandler" />
        <KeyWord name="addPrimaryWeaponItem" />
        <KeyWord name="addPublicVariableEventHandler" />
        <KeyWord name="addRating" />
        <KeyWord name="addResources" />
        <KeyWord name="addScore" />
        <KeyWord name="addSecondaryWeaponItem" />
        <KeyWord name="addSwitchableUnit" />
        <KeyWord name="addTeamMember" />
        <KeyWord name="addUniform" />
        <KeyWord name="addVehicle" />
        <KeyWord name="addVest" />
        <KeyWord name="addWaypoint" />
        <KeyWord name="addWeapon" />
        <KeyWord name="addWeaponCargo" />
        <KeyWord name="addWeaponCargoGlobal" />
        <KeyWord name="addWeaponPool" />
        <KeyWord name="agent" />
        <KeyWord name="agents" />
        <KeyWord name="aimedAtTarget" />
        <KeyWord name="aimPos" />
        <KeyWord name="airportSide" />
        <KeyWord name="AISFinishHeal" />
        <KeyWord name="alive" />
        <KeyWord name="allDead" />
        <KeyWord name="allDeadMen" />
        <KeyWord name="allGroups" />
        <KeyWord name="allMapMarkers" />
        <KeyWord name="allMissionObjects" />
        <KeyWord name="allow3DMode" />
        <KeyWord name="allowCrewInImmobile" />
        <KeyWord name="allowDamage" />
        <KeyWord name="allowDammage" />
        <KeyWord name="allowFileOperations" />
        <KeyWord name="allowFleeing" />
        <KeyWord name="allowGetIn" />
        <KeyWord name="allSites" />
        <KeyWord name="allUnits" />
        <KeyWord name="ammo" />
        <KeyWord name="and" />
        <KeyWord name="animate" />
        <KeyWord name="animateDoor" />
        <KeyWord name="animationPhase" />
        <KeyWord name="animationState" />
        <KeyWord name="armoryPoints" />
        <KeyWord name="asin" />
        <KeyWord name="ASLToATL" />
        <KeyWord name="assert" />
        <KeyWord name="assignAsCargo" />
        <KeyWord name="assignAsCargoIndex" />
        <KeyWord name="assignAsCommander" />
        <KeyWord name="assignAsDriver" />
        <KeyWord name="assignAsGunner" />
        <KeyWord name="assignAsTurret" />
        <KeyWord name="assignedCargo" />
        <KeyWord name="assignedCommander" />
        <KeyWord name="assignedDriver" />
        <KeyWord name="assignedGunner" />
        <KeyWord name="assignedItems" />
        <KeyWord name="assignedTarget" />
        <KeyWord name="assignedTeam" />
        <KeyWord name="assignedVehicle" />
        <KeyWord name="assignedVehicleRole" />
        <KeyWord name="assignItem" />
        <KeyWord name="assignTeam" />
        <KeyWord name="assignToAirport" />
        <KeyWord name="atan" />
        <KeyWord name="atan2" />
        <KeyWord name="atg" />
        <KeyWord name="ATLToASL" />
        <KeyWord name="attachedObject" />
        <KeyWord name="attachObject" />
        <KeyWord name="attachTo" />
        <KeyWord name="attackEnabled" />
        <KeyWord name="backpack" />
        <KeyWord name="backpackCargo" />
        <KeyWord name="backpackItems" />
        <KeyWord name="backpackSpaceFor" />
        <KeyWord name="batteryChargeRTD" />
        <KeyWord name="behaviour" />
        <KeyWord name="benchmark" />
        <KeyWord name="BIS_fnc_3Dcredits" />
        <KeyWord name="BIS_fnc_AAN" />
        <KeyWord name="BIS_fnc_absSpeed" />
        <KeyWord name="BIS_fnc_addClassOO" />
        <KeyWord name="BIS_fnc_addEvidence" />
        <KeyWord name="BIS_fnc_addScriptedEventHandler" />
        <KeyWord name="BIS_fnc_addWeapon" />
        <KeyWord name="BIS_fnc_advHint" />
        <KeyWord name="BIS_fnc_advHintArg" />
        <KeyWord name="BIS_fnc_advHintCall" />
        <KeyWord name="BIS_fnc_advHintCredits" />
        <KeyWord name="BIS_fnc_alignTabs" />
        <KeyWord name="BIS_fnc_alliedSides" />
        <KeyWord name="BIS_fnc_ambientBlacklist" />
        <KeyWord name="BIS_fnc_ambientBlacklistAdd" />
        <KeyWord name="BIS_fnc_ambientBoats" />
        <KeyWord name="BIS_fnc_ambientHelicopters" />
        <KeyWord name="BIS_fnc_ambientPlanes" />
        <KeyWord name="BIS_fnc_ambientPostprocess" />
        <KeyWord name="BIS_fnc_animType" />
        <KeyWord name="BIS_fnc_animViewer" />
        <KeyWord name="BIS_fnc_APUOff" />
        <KeyWord name="BIS_fnc_APUOn" />
        <KeyWord name="BIS_fnc_areEqual" />
        <KeyWord name="BIS_fnc_arithmeticMean" />
        <KeyWord name="BIS_fnc_arrayCompare" />
        <KeyWord name="BIS_fnc_arrayFindDeep" />
        <KeyWord name="BIS_fnc_arrayInsert" />
        <KeyWord name="BIS_fnc_arrayPop" />
        <KeyWord name="BIS_fnc_arrayPush" />
        <KeyWord name="BIS_fnc_arrayPushStack" />
        <KeyWord name="BIS_fnc_arrayShift" />
        <KeyWord name="BIS_fnc_arrayUnShift" />
        <KeyWord name="BIS_fnc_assignPlayerRole" />
        <KeyWord name="BIS_fnc_basicTask" />
        <KeyWord name="BIS_fnc_batteriesOff" />
        <KeyWord name="BIS_fnc_batteriesOn" />
        <KeyWord name="BIS_fnc_boundingBoxCorner" />
        <KeyWord name="BIS_fnc_boundingBoxDimensions" />
        <KeyWord name="BIS_fnc_boundingBoxMarker" />
        <KeyWord name="BIS_fnc_boundingCircle" />
        <KeyWord name="BIS_fnc_briefingAnimate" />
        <KeyWord name="BIS_fnc_briefingInit" />
        <KeyWord name="BIS_fnc_call" />
        <KeyWord name="BIS_fnc_callScriptedEventHandler" />
        <KeyWord name="BIS_fnc_camera" />
        <KeyWord name="BIS_fnc_camFollow" />
        <KeyWord name="BIS_fnc_cinemaBorder" />
        <KeyWord name="BIS_fnc_classMagazine" />
        <KeyWord name="BIS_fnc_classWeapon" />
        <KeyWord name="BIS_fnc_codePerformance" />
        <KeyWord name="BIS_fnc_colorConfigToRGBA" />
        <KeyWord name="BIS_fnc_colorRGBAtoHTML" />
        <KeyWord name="BIS_fnc_colorRGBAtoTexture" />
        <KeyWord name="BIS_fnc_colorRGBtoHTML" />
        <KeyWord name="BIS_fnc_commsMenuCreate" />
        <KeyWord name="BIS_fnc_commsMenuToggleAvailability" />
        <KeyWord name="BIS_fnc_commsMenuToggleVisibility" />
        <KeyWord name="BIS_fnc_conditionalSelect" />
        <KeyWord name="BIS_fnc_configPath" />
        <KeyWord name="BIS_fnc_configviewer" />
        <KeyWord name="BIS_fnc_convertUnits" />
        <KeyWord name="BIS_fnc_cooldownStart" />
        <KeyWord name="BIS_fnc_counter" />
        <KeyWord name="BIS_fnc_createmenu" />
        <KeyWord name="BIS_fnc_createObjectOO" />
        <KeyWord name="BIS_fnc_credits" />
        <KeyWord name="BIS_fnc_credits_H" />
        <KeyWord name="BIS_fnc_crossProduct" />
        <KeyWord name="BIS_fnc_crows" />
        <KeyWord name="BIS_fnc_ctrlTextHeight" />
        <KeyWord name="BIS_fnc_customGPS" />
        <KeyWord name="BIS_fnc_customGPSVideo" />
        <KeyWord name="BIS_fnc_cutDecimals" />
        <KeyWord name="BIS_fnc_dbClassCheck" />
        <KeyWord name="BIS_fnc_dbClassId" />
        <KeyWord name="BIS_fnc_dbClassIndex" />
        <KeyWord name="BIS_fnc_dbClassList" />
        <KeyWord name="BIS_fnc_dbClassRemove" />
        <KeyWord name="BIS_fnc_dbClassReturn" />
        <KeyWord name="BIS_fnc_dbClassSet" />
        <KeyWord name="BIS_fnc_dbConfigPath" />
        <KeyWord name="BIS_fnc_dbImportConfig" />
        <KeyWord name="BIS_fnc_dbImportXML" />
        <KeyWord name="BIS_fnc_dbisClass" />
        <KeyWord name="BIS_fnc_dbisValue" />
        <KeyWord name="BIS_fnc_dbPrint" />
        <KeyWord name="BIS_fnc_dbSymbolClass" />
        <KeyWord name="BIS_fnc_dbSymbolValue" />
        <KeyWord name="BIS_fnc_dbValueCheck" />
        <KeyWord name="BIS_fnc_dbValueId" />
        <KeyWord name="BIS_fnc_dbValueIndex" />
        <KeyWord name="BIS_fnc_dbValueList" />
        <KeyWord name="BIS_fnc_dbValueRemove" />
        <KeyWord name="BIS_fnc_dbValueReturn" />
        <KeyWord name="BIS_fnc_dbValueSet" />
        <KeyWord name="BIS_fnc_death" />
        <KeyWord name="BIS_fnc_destroyCity" />
        <KeyWord name="BIS_fnc_diagAAR" />
        <KeyWord name="BIS_fnc_diagAARrecord" />
        <KeyWord name="BIS_fnc_diagAnim" />
        <KeyWord name="BIS_fnc_diagBulletCam" />
        <KeyWord name="BIS_fnc_diagConfig" />
        <KeyWord name="BIS_fnc_diagHit" />
        <KeyWord name="BIS_fnc_diagKey" />
        <KeyWord name="BIS_fnc_diagKeyLayout" />
        <KeyWord name="BIS_fnc_diagKeyTest" />
        <KeyWord name="BIS_fnc_diagKnownAsTarget" />
        <KeyWord name="BIS_fnc_diagKnownTargets" />
        <KeyWord name="BIS_fnc_diagLoop" />
        <KeyWord name="BIS_fnc_diagMacros" />
        <KeyWord name="BIS_fnc_diagMacrosVerify" />
        <KeyWord name="BIS_fnc_diagMapSize" />
        <KeyWord name="BIS_fnc_diagMissionPositions" />
        <KeyWord name="BIS_fnc_diagMissionWeapons" />
        <KeyWord name="BIS_fnc_diagNameSound" />
        <KeyWord name="BIS_fnc_diagPreview" />
        <KeyWord name="BIS_fnc_diagPreviewCycle" />
        <KeyWord name="BIS_fnc_diagPreviewVehicleCrew" />
        <KeyWord name="BIS_fnc_diagRadio" />
        <KeyWord name="BIS_fnc_diagVehicleIcons" />
        <KeyWord name="BIS_fnc_diagWiki" />
        <KeyWord name="BIS_fnc_diaryHints" />
        <KeyWord name="BIS_fnc_diaryMaps" />
        <KeyWord name="BIS_fnc_dirIndicator" />
        <KeyWord name="BIS_fnc_dirTo" />
        <KeyWord name="BIS_fnc_displayClouds" />
        <KeyWord name="BIS_fnc_displayColorGet" />
        <KeyWord name="BIS_fnc_displayColorSet" />
        <KeyWord name="BIS_fnc_displayControls" />
        <KeyWord name="BIS_fnc_displayLoading" />
        <KeyWord name="BIS_fnc_displayMission" />
        <KeyWord name="BIS_fnc_displayName" />
        <KeyWord name="BIS_fnc_displayResize" />
        <KeyWord name="BIS_fnc_distance2D" />
        <KeyWord name="BIS_fnc_distance2Dsqr" />
        <KeyWord name="BIS_fnc_dotProduct" />
        <KeyWord name="BIS_fnc_dynamicText" />
        <KeyWord name="BIS_fnc_effectFired" />
        <KeyWord name="BIS_fnc_effectFiredArtillery" />
        <KeyWord name="BIS_fnc_effectFiredFlares" />
        <KeyWord name="BIS_fnc_effectFiredHeliRocket" />
        <KeyWord name="BIS_fnc_effectFiredLongSmoke" />
        <KeyWord name="BIS_fnc_effectFiredRifle" />
        <KeyWord name="BIS_fnc_effectFiredRocket" />
        <KeyWord name="BIS_fnc_effectFiredSmokeLauncher" />
        <KeyWord name="BIS_fnc_effectFiredSmokeLauncher_boat" />
        <KeyWord name="BIS_fnc_effectKilled" />
        <KeyWord name="BIS_fnc_effectKilledAirDestruction" />
        <KeyWord name="BIS_fnc_effectKilledAirDestructionStage2" />
        <KeyWord name="BIS_fnc_effectKilledSecondaries" />
        <KeyWord name="BIS_fnc_endMission" />
        <KeyWord name="BIS_fnc_enemySides" />
        <KeyWord name="BIS_fnc_enginesOff" />
        <KeyWord name="BIS_fnc_enginesOffDebug" />
        <KeyWord name="BIS_fnc_enginesOn" />
        <KeyWord name="BIS_fnc_enginesOnDebug" />
        <KeyWord name="BIS_fnc_error" />
        <KeyWord name="BIS_fnc_errorMsg" />
        <KeyWord name="BIS_fnc_establishingShot" />
        <KeyWord name="BIS_fnc_execFSM" />
        <KeyWord name="BIS_fnc_execVM" />
        <KeyWord name="BIS_fnc_fadeEffect" />
        <KeyWord name="BIS_fnc_filterString" />
        <KeyWord name="BIS_fnc_findExtreme" />
        <KeyWord name="BIS_fnc_findOverwatch" />
        <KeyWord name="BIS_fnc_findSafePos" />
        <KeyWord name="BIS_fnc_flies" />
        <KeyWord name="BIS_fnc_fps" />
        <KeyWord name="BIS_fnc_FTLmanager" />
        <KeyWord name="BIS_fnc_functionMeta" />
        <KeyWord name="BIS_fnc_functionPath" />
        <KeyWord name="BIS_fnc_functionsDebug" />
        <KeyWord name="BIS_fnc_GC" />
        <KeyWord name="BIS_fnc_GCinit" />
        <KeyWord name="BIS_fnc_genericSentence" />
        <KeyWord name="BIS_fnc_genericSentenceInit" />
        <KeyWord name="BIS_fnc_geometricMean" />
        <KeyWord name="BIS_fnc_getFactions" />
        <KeyWord name="BIS_fnc_getIDC" />
        <KeyWord name="BIS_fnc_getIDD" />
        <KeyWord name="BIS_fnc_getLineDist" />
        <KeyWord name="BIS_fnc_getPitchBank" />
        <KeyWord name="BIS_fnc_getTurrets" />
        <KeyWord name="BIS_fnc_grabTimeTrial" />
        <KeyWord name="BIS_fnc_greatestNum" />
        <KeyWord name="BIS_fnc_groupIndicator" />
        <KeyWord name="BIS_fnc_GUIbackground" />
        <KeyWord name="BIS_fnc_GUIeditor" />
        <KeyWord name="BIS_fnc_guiEffectTiles" />
        <KeyWord name="BIS_fnc_GUIgrid" />
        <KeyWord name="BIS_fnc_GUIgridToProfile" />
        <KeyWord name="BIS_fnc_GUIhint" />
        <KeyWord name="BIS_fnc_GUImessage" />
        <KeyWord name="BIS_fnc_GUInewsfeed" />
        <KeyWord name="BIS_fnc_halo" />
        <KeyWord name="BIS_fnc_halt" />
        <KeyWord name="BIS_fnc_healthEffects" />
        <KeyWord name="BIS_fnc_helicopterCanFly" />
        <KeyWord name="BIS_fnc_helicopterDamage" />
        <KeyWord name="BIS_fnc_helicopterGetHitpoints" />
        <KeyWord name="BIS_fnc_helicopterSeat" />
        <KeyWord name="BIS_fnc_helicopterSeatMove" />
        <KeyWord name="BIS_fnc_helicopterType" />
        <KeyWord name="BIS_fnc_heliportAddForced" />
        <KeyWord name="BIS_fnc_heliportCheat" />
        <KeyWord name="BIS_fnc_heliportCondition" />
        <KeyWord name="BIS_fnc_heliportDBAdd" />
        <KeyWord name="BIS_fnc_heliportDBLoad" />
        <KeyWord name="BIS_fnc_heliportDBSave" />
        <KeyWord name="BIS_fnc_heliportGetHeliports" />
        <KeyWord name="BIS_fnc_heliportHeliAdd" />
        <KeyWord name="BIS_fnc_heliportHeliAddMission" />
        <KeyWord name="BIS_fnc_heliportHeliAssign" />
        <KeyWord name="BIS_fnc_heliportHeliAssigned" />
        <KeyWord name="BIS_fnc_heliportHeliDamage" />
        <KeyWord name="BIS_fnc_heliportHeliHistory" />
        <KeyWord name="BIS_fnc_heliportHeliInit" />
        <KeyWord name="BIS_fnc_heliportHeliLoad" />
        <KeyWord name="BIS_fnc_heliportHeliRemove" />
        <KeyWord name="BIS_fnc_heliportHelislots" />
        <KeyWord name="BIS_fnc_heliportHeliUpgrades" />
        <KeyWord name="BIS_fnc_heliportHint" />
        <KeyWord name="BIS_fnc_heliportInit" />
        <KeyWord name="BIS_fnc_heliportListboxHeliports" />
        <KeyWord name="BIS_fnc_heliportMaintenance" />
        <KeyWord name="BIS_fnc_heliportMaintenanceCost" />
        <KeyWord name="BIS_fnc_heliportMaintenanceReport" />
        <KeyWord name="BIS_fnc_heliportMenuHeli" />
        <KeyWord name="BIS_fnc_heliportMenuHeliList" />
        <KeyWord name="BIS_fnc_heliportMenuIM" />
        <KeyWord name="BIS_fnc_heliportMenuInit" />
        <KeyWord name="BIS_fnc_heliportMenuItem" />
        <KeyWord name="BIS_fnc_heliportMenuMain" />
        <KeyWord name="BIS_fnc_heliportMenuMission" />
        <KeyWord name="BIS_fnc_heliportMenuPreview" />
        <KeyWord name="BIS_fnc_heliportMission" />
        <KeyWord name="BIS_fnc_heliportMissionEnd" />
        <KeyWord name="BIS_fnc_heliportMissionLast" />
        <KeyWord name="BIS_fnc_heliportMissionList" />
        <KeyWord name="BIS_fnc_heliportMissionRequired" />
        <KeyWord name="BIS_fnc_heliportMissionReward" />
        <KeyWord name="BIS_fnc_heliportMissionStart" />
        <KeyWord name="BIS_fnc_heliportMoney" />
        <KeyWord name="BIS_fnc_heliportMoneyAdd" />
        <KeyWord name="BIS_fnc_heliportMoneyDisplay" />
        <KeyWord name="BIS_fnc_heliportPauseOnLoad" />
        <KeyWord name="BIS_fnc_heliportStaffAdd" />
        <KeyWord name="BIS_fnc_heliportStaffKilled" />
        <KeyWord name="BIS_fnc_heliportStaffLoad" />
        <KeyWord name="BIS_fnc_heliportStaffToDefaultPosition" />
        <KeyWord name="BIS_fnc_heliportTaskReturn" />
        <KeyWord name="BIS_fnc_heliportTurn" />
        <KeyWord name="BIS_fnc_heliportTurnAdd" />
        <KeyWord name="BIS_fnc_heliportTypesRequired" />
        <KeyWord name="BIS_fnc_heliportUpgradeAdd" />
        <KeyWord name="BIS_fnc_heliportUpgradePositions" />
        <KeyWord name="BIS_fnc_heliportUpgradesLoad" />
        <KeyWord name="BIS_fnc_help" />
        <KeyWord name="BIS_fnc_hubExit" />
        <KeyWord name="BIS_fnc_hubInit" />
        <KeyWord name="BIS_fnc_hubMissionMeta" />
        <KeyWord name="BIS_fnc_hubNextMissions" />
        <KeyWord name="BIS_fnc_hubWeaponPool" />
        <KeyWord name="BIS_fnc_HUDLimits" />
        <KeyWord name="BIS_fnc_inAngleSector" />
        <KeyWord name="BIS_fnc_infoText" />
        <KeyWord name="BIS_fnc_initMultiplayer" />
        <KeyWord name="BIS_fnc_inString" />
        <KeyWord name="BIS_fnc_InstructorFigure" />
        <KeyWord name="BIS_fnc_inTrigger" />
        <KeyWord name="BIS_fnc_inv" />
        <KeyWord name="BIS_fnc_invAdd" />
        <KeyWord name="BIS_fnc_invCodeToArray" />
        <KeyWord name="BIS_fnc_invRemove" />
        <KeyWord name="BIS_fnc_invSlots" />
        <KeyWord name="BIS_fnc_invSlotsEmpty" />
        <KeyWord name="BIS_fnc_invSlotType" />
        <KeyWord name="BIS_fnc_invString" />
        <KeyWord name="BIS_fnc_isCampaign" />
        <KeyWord name="BIS_fnc_isDemo" />
        <KeyWord name="BIS_fnc_isInFrontOf" />
        <KeyWord name="BIS_fnc_isLocalized" />
        <KeyWord name="BIS_fnc_isPosBlacklisted" />
        <KeyWord name="BIS_fnc_kbCanSpeak" />
        <KeyWord name="BIS_fnc_kbCreateDummy" />
        <KeyWord name="BIS_fnc_kbIsSpeaking" />
        <KeyWord name="BIS_fnc_kbMenu" />
        <KeyWord name="BIS_fnc_kbPriority" />
        <KeyWord name="BIS_fnc_kbSentence" />
        <KeyWord name="BIS_fnc_kbSkip" />
        <KeyWord name="BIS_fnc_kbTell" />
        <KeyWord name="BIS_fnc_kbTopicConfig" />
        <KeyWord name="BIS_fnc_keyCode" />
        <KeyWord name="BIS_fnc_keypointsExport" />
        <KeyWord name="BIS_fnc_keypointsExportFromKML" />
        <KeyWord name="BIS_fnc_KMLimport" />
        <KeyWord name="BIS_fnc_linearConversion" />
        <KeyWord name="BIS_fnc_listPlayers" />
        <KeyWord name="BIS_fnc_liveFeed" />
        <KeyWord name="BIS_fnc_liveFeedEffects" />
        <KeyWord name="BIS_fnc_liveFeedSetSource" />
        <KeyWord name="BIS_fnc_liveFeedSetTarget" />
        <KeyWord name="BIS_fnc_liveFeedTerminate" />
        <KeyWord name="BIS_fnc_localize" />
        <KeyWord name="BIS_fnc_locations" />
        <KeyWord name="BIS_fnc_locWeaponInfo" />
        <KeyWord name="BIS_fnc_log" />
        <KeyWord name="BIS_fnc_logFormat" />
        <KeyWord name="BIS_fnc_lowestNum" />
        <KeyWord name="BIS_fnc_magnitude" />
        <KeyWord name="BIS_fnc_magnitudeSqr" />
        <KeyWord name="BIS_fnc_mapSize" />
        <KeyWord name="BIS_fnc_markerCreate" />
        <KeyWord name="BIS_fnc_markerParams" />
        <KeyWord name="BIS_fnc_markerPath" />
        <KeyWord name="BIS_fnc_markerToTrigger" />
        <KeyWord name="BIS_fnc_markWaypoints" />
        <KeyWord name="BIS_fnc_maxDiffArray" />
        <KeyWord name="BIS_fnc_miscanim" />
        <KeyWord name="BIS_fnc_missionConversations" />
        <KeyWord name="BIS_fnc_missionConversations" />
        <KeyWord name="BIS_fnc_missionConversationsLocal" />
        <KeyWord name="BIS_fnc_missionDebug" />
        <KeyWord name="BIS_fnc_missionDropLeaflets" />
        <KeyWord name="BIS_fnc_missionFlow" />
        <KeyWord name="BIS_fnc_missionFlow" />
        <KeyWord name="BIS_fnc_missionFreeFlight" />
        <KeyWord name="BIS_fnc_missionInit" />
        <KeyWord name="BIS_fnc_missionInitCrew" />
        <KeyWord name="BIS_fnc_missionInitDiary" />
        <KeyWord name="BIS_fnc_missionInitPos" />
        <KeyWord name="BIS_fnc_missionPursuitBoat" />
        <KeyWord name="BIS_fnc_missionRescue" />
        <KeyWord name="BIS_fnc_missionSightseeing" />
        <KeyWord name="BIS_fnc_missionSlingload" />
        <KeyWord name="BIS_fnc_missionSlingloadCamp" />
        <KeyWord name="BIS_fnc_missionTask" />
        <KeyWord name="BIS_fnc_missionTasks" />
        <KeyWord name="BIS_fnc_missionTasks" />
        <KeyWord name="BIS_fnc_missionTasksLocal" />
        <KeyWord name="BIS_fnc_missionTimeTrial" />
        <KeyWord name="BIS_fnc_missionVisit" />
        <KeyWord name="BIS_fnc_missionVisitGolf" />
        <KeyWord name="BIS_fnc_moduleHandle" />
        <KeyWord name="BIS_fnc_moduleInit" />
        <KeyWord name="BIS_fnc_moduleModules" />
        <KeyWord name="BIS_fnc_moduleTriggers" />
        <KeyWord name="BIS_fnc_moduleUnits" />
        <KeyWord name="BIS_fnc_moveIn" />
        <KeyWord name="BIS_fnc_MP" />
        <KeyWord name="BIS_fnc_MPexec" />
        <KeyWord name="BIS_fnc_music" />
        <KeyWord name="BIS_fnc_nearestHelipad" />
        <KeyWord name="BIS_fnc_nearestNum" />
        <KeyWord name="BIS_fnc_nearestPosition" />
        <KeyWord name="BIS_fnc_noFlyZone" />
        <KeyWord name="BIS_fnc_noFlyZonesCreate" />
        <KeyWord name="BIS_fnc_noFlyZonesExport" />
        <KeyWord name="BIS_fnc_numberDigits" />
        <KeyWord name="BIS_fnc_numberText" />
        <KeyWord name="BIS_fnc_ObjectsGrabber" />
        <KeyWord name="BIS_fnc_ObjectsMapper" />
        <KeyWord name="BIS_fnc_onDiaryChanged" />
        <KeyWord name="BIS_fnc_onEnd" />
        <KeyWord name="BIS_fnc_onLoad" />
        <KeyWord name="BIS_fnc_ORBATAddGroupOverlay" />
        <KeyWord name="BIS_fnc_ORBATAnimate" />
        <KeyWord name="BIS_fnc_ORBATConfigPreview" />
        <KeyWord name="BIS_fnc_ORBATGetGroupParams" />
        <KeyWord name="BIS_fnc_ORBATOpen" />
        <KeyWord name="BIS_fnc_ORBATRemoveGroupOverlay" />
        <KeyWord name="BIS_fnc_ORBATSetGroupFade" />
        <KeyWord name="BIS_fnc_ORBATSetGroupParams" />
        <KeyWord name="BIS_fnc_ORBATTooltip" />
        <KeyWord name="BIS_fnc_ordinalNumber" />
        <KeyWord name="BIS_fnc_overviewAuthor" />
        <KeyWord name="BIS_fnc_overviewDifficulty" />
        <KeyWord name="BIS_fnc_overviewMission" />
        <KeyWord name="BIS_fnc_overviewTerrain" />
        <KeyWord name="BIS_fnc_overviewTimeTrial" />
        <KeyWord name="BIS_fnc_packStaticWeapon" />
        <KeyWord name="BIS_fnc_param" />
        <KeyWord name="BIS_fnc_paramIn" />
        <KeyWord name="BIS_fnc_parseNumber" />
        <KeyWord name="BIS_fnc_phoneticalWord" />
        <KeyWord name="BIS_fnc_PIP" />
        <KeyWord name="BIS_fnc_playerName" />
        <KeyWord name="BIS_fnc_playVideo" />
        <KeyWord name="BIS_fnc_posDegtoUTM" />
        <KeyWord name="BIS_fnc_posDegToWorld" />
        <KeyWord name="BIS_fnc_position" />
        <KeyWord name="BIS_fnc_PosToGrid" />
        <KeyWord name="BIS_fnc_posUTMToDeg" />
        <KeyWord name="BIS_fnc_radioATCOff" />
        <KeyWord name="BIS_fnc_radioATCOn" />
        <KeyWord name="BIS_fnc_radioMusicNext" />
        <KeyWord name="BIS_fnc_radioMusicOff" />
        <KeyWord name="BIS_fnc_radioSetChannel" />
        <KeyWord name="BIS_fnc_radioSetPlaylist" />
        <KeyWord name="BIS_fnc_radioSetTrack" />
        <KeyWord name="BIS_fnc_randomIndex" />
        <KeyWord name="BIS_fnc_randomInt" />
        <KeyWord name="BIS_fnc_randomNum" />
        <KeyWord name="BIS_fnc_randomPos" />
        <KeyWord name="BIS_fnc_randomPosTrigger" />
        <KeyWord name="BIS_fnc_rankParams" />
        <KeyWord name="BIS_fnc_recompile" />
        <KeyWord name="BIS_fnc_relativeDirTo" />
        <KeyWord name="BIS_fnc_relPos" />
        <KeyWord name="BIS_fnc_relScaledDist" />
        <KeyWord name="BIS_fnc_removeAllScriptedEventHandlers" />
        <KeyWord name="BIS_fnc_removeIndex" />
        <KeyWord name="BIS_fnc_removeNestedElement" />
        <KeyWord name="BIS_fnc_removeScriptedEventHandler" />
        <KeyWord name="BIS_fnc_RespawnManager" />
        <KeyWord name="BIS_fnc_respect" />
        <KeyWord name="BIS_fnc_returnConfigEntry" />
        <KeyWord name="BIS_fnc_returnGroupComposition" />
        <KeyWord name="BIS_fnc_returnNestedElement" />
        <KeyWord name="BIS_fnc_returnParents" />
        <KeyWord name="BIS_fnc_returnVehicleTurrets" />
        <KeyWord name="BIS_fnc_romanNumeral" />
        <KeyWord name="BIS_fnc_rotateVector2D" />
        <KeyWord name="BIS_fnc_rotorBrakeOff" />
        <KeyWord name="BIS_fnc_rotorBrakeOn" />
        <KeyWord name="BIS_fnc_roundDir" />
        <KeyWord name="BIS_fnc_roundNum" />
        <KeyWord name="BIS_fnc_rscLayer" />
        <KeyWord name="BIS_fnc_sandstorm" />
        <KeyWord name="BIS_fnc_saveGame" />
        <KeyWord name="BIS_fnc_sceneAreaClearance" />
        <KeyWord name="BIS_fnc_sceneCheckWeapons" />
        <KeyWord name="BIS_fnc_sceneCreateSceneTrigger" />
        <KeyWord name="BIS_fnc_sceneCreateSoundEntities" />
        <KeyWord name="BIS_fnc_sceneGetObjects" />
        <KeyWord name="BIS_fnc_sceneGetParticipants" />
        <KeyWord name="BIS_fnc_sceneGetPositionByAngle" />
        <KeyWord name="BIS_fnc_sceneIntruderDetector" />
        <KeyWord name="BIS_fnc_sceneMiscStuff" />
        <KeyWord name="BIS_fnc_sceneRotate" />
        <KeyWord name="BIS_fnc_sceneSetAnimationsForGroup" />
        <KeyWord name="BIS_fnc_sceneSetBehaviour" />
        <KeyWord name="BIS_fnc_sceneSetObjects" />
        <KeyWord name="BIS_fnc_sceneSetPosFormation" />
        <KeyWord name="BIS_fnc_scriptedMove" />
        <KeyWord name="BIS_fnc_secondsToString" />
        <KeyWord name="BIS_fnc_selectCrew" />
        <KeyWord name="BIS_fnc_selectRandom" />
        <KeyWord name="BIS_fnc_setHeight" />
        <KeyWord name="BIS_fnc_setNestedElement" />
        <KeyWord name="BIS_fnc_setPitchBank" />
        <KeyWord name="BIS_fnc_setRespawnDelay" />
        <KeyWord name="BIS_fnc_shakeGauges" />
        <KeyWord name="BIS_fnc_showTime" />
        <KeyWord name="BIS_fnc_shutdown" />
        <KeyWord name="BIS_fnc_sideColor" />
        <KeyWord name="BIS_fnc_sideID" />
        <KeyWord name="BIS_fnc_sideName" />
        <KeyWord name="BIS_fnc_sideType" />
        <KeyWord name="BIS_fnc_singleMissionConfig" />
        <KeyWord name="BIS_fnc_singleMissionKeys" />
        <KeyWord name="BIS_fnc_singleMissionName" />
        <KeyWord name="BIS_fnc_sortBy" />
        <KeyWord name="BIS_fnc_sortNum" />
        <KeyWord name="BIS_fnc_spawnCrew" />
        <KeyWord name="BIS_fnc_spawnEnemy" />
        <KeyWord name="BIS_fnc_spawnGroup" />
        <KeyWord name="BIS_fnc_spawnVehicle" />
        <KeyWord name="BIS_fnc_splitString" />
        <KeyWord name="BIS_fnc_spotter" />
        <KeyWord name="BIS_fnc_starterOff1" />
        <KeyWord name="BIS_fnc_starterOn1" />
        <KeyWord name="BIS_fnc_StrategicMapAnimate" />
        <KeyWord name="BIS_fnc_StrategicMapInit" />
        <KeyWord name="BIS_fnc_StrategicMapModuleOpen" />
        <KeyWord name="BIS_fnc_StrategicMapOpen" />
        <KeyWord name="BIS_fnc_subClasses" />
        <KeyWord name="BIS_fnc_subSelect" />
        <KeyWord name="BIS_fnc_supplydrop" />
        <KeyWord name="BIS_fnc_supplydropService" />
        <KeyWord name="BIS_fnc_swapVars" />
        <KeyWord name="BIS_fnc_taskAttack" />
        <KeyWord name="BIS_fnc_taskChildren" />
        <KeyWord name="BIS_fnc_taskCompleted" />
        <KeyWord name="BIS_fnc_taskCreate" />
        <KeyWord name="BIS_fnc_taskCurrent" />
        <KeyWord name="BIS_fnc_taskDefend" />
        <KeyWord name="BIS_fnc_taskDescription" />
        <KeyWord name="BIS_fnc_taskDestination" />
        <KeyWord name="BIS_fnc_taskExists" />
        <KeyWord name="BIS_fnc_taskHandler" />
        <KeyWord name="BIS_fnc_taskHint" />
        <KeyWord name="BIS_fnc_taskParent" />
        <KeyWord name="BIS_fnc_taskPatrol" />
        <KeyWord name="BIS_fnc_taskReal" />
        <KeyWord name="BIS_fnc_taskSetCurrent" />
        <KeyWord name="BIS_fnc_taskSetDescription" />
        <KeyWord name="BIS_fnc_taskSetDestination" />
        <KeyWord name="BIS_fnc_taskSetState" />
        <KeyWord name="BIS_fnc_taskState" />
        <KeyWord name="BIS_fnc_teamColor" />
        <KeyWord name="BIS_fnc_terrainGradAngle" />
        <KeyWord name="BIS_fnc_textTiles" />
        <KeyWord name="BIS_fnc_textureMarker" />
        <KeyWord name="BIS_fnc_textureVehicleIcon" />
        <KeyWord name="BIS_fnc_threat" />
        <KeyWord name="BIS_fnc_throttleFull1" />
        <KeyWord name="BIS_fnc_throttleIdle1" />
        <KeyWord name="BIS_fnc_throttleOff1" />
        <KeyWord name="BIS_fnc_timeToString" />
        <KeyWord name="BIS_fnc_titlecard" />
        <KeyWord name="BIS_fnc_titleText" />
        <KeyWord name="BIS_fnc_transportService" />
        <KeyWord name="BIS_fnc_triggerToMarker" />
        <KeyWord name="BIS_fnc_uniqueClasses" />
        <KeyWord name="BIS_fnc_UnitCapture" />
        <KeyWord name="BIS_fnc_UnitCaptureFiring" />
        <KeyWord name="BIS_fnc_UnitCaptureSimple" />
        <KeyWord name="BIS_fnc_UnitPlay" />
        <KeyWord name="BIS_fnc_UnitPlayFiring" />
        <KeyWord name="BIS_fnc_UnitPlaySimple" />
        <KeyWord name="BIS_fnc_unitVector" />
        <KeyWord name="BIS_fnc_unpackStaticWeapon" />
        <KeyWord name="BIS_fnc_updatePlayerArray" />
        <KeyWord name="BIS_fnc_validateParametersOO" />
        <KeyWord name="BIS_fnc_variableSpaceAdd" />
        <KeyWord name="BIS_fnc_variableSpaceRemove" />
        <KeyWord name="BIS_fnc_vectorAdd" />
        <KeyWord name="BIS_fnc_vectorDiff" />
        <KeyWord name="BIS_fnc_vectorFromXToY" />
        <KeyWord name="BIS_fnc_vectorMultiply" />
        <KeyWord name="BIS_fnc_vehicleRoles" />
        <KeyWord name="BIS_fnc_version" />
        <KeyWord name="BIS_fnc_warmupStart" />
        <KeyWord name="BIS_fnc_worldArea" />
        <KeyWord name="BIS_fnc_zzRotate" />
        <KeyWord name="boundingBox" />
        <KeyWord name="boundingBoxReal" />
        <KeyWord name="boundingCenter" />
        <KeyWord name="breakOut" />
        <KeyWord name="breakTo" />
        <KeyWord name="buildingExit" />
        <KeyWord name="buildingPos" />
        <KeyWord name="buttonAction" />
        <KeyWord name="buttonSetAction" />
        <KeyWord name="cadetMode" />
        <KeyWord name="call" />
        <KeyWord name="callExtension" />
        <KeyWord name="camCommand" />
        <KeyWord name="camCommit" />
        <KeyWord name="camCommitPrepared" />
        <KeyWord name="camCommitted" />
        <KeyWord name="camConstuctionSetParams" />
        <KeyWord name="camCreate" />
        <KeyWord name="camDestroy" />
        <KeyWord name="cameraEffect" />
        <KeyWord name="cameraEffectEnableHUD" />
        <KeyWord name="cameraInterest" />
        <KeyWord name="cameraOn" />
        <KeyWord name="cameraView" />
        <KeyWord name="campaignConfigFile" />
        <KeyWord name="camPreload" />
        <KeyWord name="camPreloaded" />
        <KeyWord name="camPrepareBank" />
        <KeyWord name="camPrepareDir" />
        <KeyWord name="camPrepareDive" />
        <KeyWord name="camPrepareFocus" />
        <KeyWord name="camPrepareFov" />
        <KeyWord name="camPrepareFovRange" />
        <KeyWord name="camPreparePos" />
        <KeyWord name="camPrepareRelPos" />
        <KeyWord name="camPrepareTarget" />
        <KeyWord name="camSetBank" />
        <KeyWord name="camSetDir" />
        <KeyWord name="camSetDive" />
        <KeyWord name="camSetFocus" />
        <KeyWord name="camSetFov" />
        <KeyWord name="camSetFovRange" />
        <KeyWord name="camSetPos" />
        <KeyWord name="camSetRelPos" />
        <KeyWord name="camSetTarget" />
        <KeyWord name="camTarget" />
        <KeyWord name="camUseNVG" />
        <KeyWord name="cancelSimpleTaskDestination" />
        <KeyWord name="canFire" />
        <KeyWord name="canMove" />
        <KeyWord name="canStand" />
        <KeyWord name="canUnloadInCombat" />
        <KeyWord name="captive" />
        <KeyWord name="captiveNum" />
        <KeyWord name="catch" />
        <KeyWord name="ceil" />
        <KeyWord name="cheatsEnabled" />
        <KeyWord name="checkAIFeature" />
        <KeyWord name="className" />
        <KeyWord name="clearAllItemsFromBackpack" />
        <KeyWord name="clearBackpackCargo" />
        <KeyWord name="clearBackpackCargoGlobal" />
        <KeyWord name="clearGroupIcons" />
        <KeyWord name="clearItemCargo" />
        <KeyWord name="clearItemCargoGlobal" />
        <KeyWord name="clearMagazineCargo" />
        <KeyWord name="clearMagazineCargoGlobal" />
        <KeyWord name="clearMagazinePool" />
        <KeyWord name="clearOverlay" />
        <KeyWord name="clearRadio" />
        <KeyWord name="clearVehicleInit" />
        <KeyWord name="clearWeaponCargo" />
        <KeyWord name="clearWeaponCargoGlobal" />
        <KeyWord name="clearWeaponPool" />
        <KeyWord name="closeDialog" />
        <KeyWord name="closeDisplay" />
        <KeyWord name="closeOverlay" />
        <KeyWord name="collapseObjectTree" />
        <KeyWord name="collectiveRTD" />
        <KeyWord name="combatMode" />
        <KeyWord name="commandArtilleryFire" />
        <KeyWord name="commandChat" />
        <KeyWord name="commander" />
        <KeyWord name="commandFire" />
        <KeyWord name="commandFollow" />
        <KeyWord name="commandFSM" />
        <KeyWord name="commandGetOut" />
        <KeyWord name="commandingMenu" />
        <KeyWord name="commandMove" />
        <KeyWord name="commandRadio" />
        <KeyWord name="commandStop" />
        <KeyWord name="commandTarget" />
        <KeyWord name="commandWatch" />
        <KeyWord name="comment" />
        <KeyWord name="commitOverlay" />
        <KeyWord name="compile" />
        <KeyWord name="completedFSM" />
        <KeyWord name="composeText" />
        <KeyWord name="configFile" />
        <KeyWord name="configName" />
        <KeyWord name="controlNull" />
        <KeyWord name="copyFromClipboard" />
        <KeyWord name="copyToClipboard" />
        <KeyWord name="copyWaypoints" />
        <KeyWord name="cos" />
        <KeyWord name="count" />
        <KeyWord name="countEnemy" />
        <KeyWord name="countFriendly" />
        <KeyWord name="countSide" />
        <KeyWord name="countType" />
        <KeyWord name="countUnknown" />
        <KeyWord name="createAgent" />
        <KeyWord name="createCenter" />
        <KeyWord name="createDialog" />
        <KeyWord name="createDiaryLink" />
        <KeyWord name="createDiaryRecord" />
        <KeyWord name="createDiarySubject" />
        <KeyWord name="createDisplay" />
        <KeyWord name="createGearDialog" />
        <KeyWord name="createGroup" />
        <KeyWord name="createGuardedPoint" />
        <KeyWord name="createLocation" />
        <KeyWord name="createMarker" />
        <KeyWord name="createMarkerLocal" />
        <KeyWord name="createMenu" />
        <KeyWord name="createMine" />
        <KeyWord name="createMissionDisplay" />
        <KeyWord name="createSimpleTask" />
        <KeyWord name="createSite" />
        <KeyWord name="createSoundSource" />
        <KeyWord name="createTarget" />
        <KeyWord name="createTask" />
        <KeyWord name="createTeam" />
        <KeyWord name="createTrigger" />
        <KeyWord name="createUnit" />
        <KeyWord name="createVehicle" />
        <KeyWord name="createVehicleLocal" />
        <KeyWord name="crew" />
        <KeyWord name="ctrlActivate" />
        <KeyWord name="ctrlAddEventHandler" />
        <KeyWord name="ctrlAutoScrollDelay" />
        <KeyWord name="ctrlAutoScrollRewind" />
        <KeyWord name="ctrlAutoScrollSpeed" />
        <KeyWord name="ctrlChecked" />
        <KeyWord name="ctrlCommit" />
        <KeyWord name="ctrlCommitted" />
        <KeyWord name="ctrlEnable" />
        <KeyWord name="ctrlEnabled" />
        <KeyWord name="ctrlFade" />
        <KeyWord name="ctrlHTMLLoaded" />
        <KeyWord name="ctrlIDC" />
        <KeyWord name="ctrlIDD" />
        <KeyWord name="ctrlMapAnimAdd" />
        <KeyWord name="ctrlMapAnimClear" />
        <KeyWord name="ctrlMapAnimCommit" />
        <KeyWord name="ctrlMapAnimDone" />
        <KeyWord name="ctrlMapCursor" />
        <KeyWord name="ctrlMapMouseOver" />
        <KeyWord name="ctrlMapScale" />
        <KeyWord name="ctrlMapScreenToWorld" />
        <KeyWord name="ctrlMapWorldToScreen" />
        <KeyWord name="ctrlParent" />
        <KeyWord name="ctrlPosition" />
        <KeyWord name="ctrlRemoveAllEventHandlers" />
        <KeyWord name="ctrlRemoveEventHandler" />
        <KeyWord name="ctrlScale" />
        <KeyWord name="ctrlSetActiveColor" />
        <KeyWord name="ctrlSetAutoScrollDelay" />
        <KeyWord name="ctrlSetAutoScrollRewind" />
        <KeyWord name="ctrlSetAutoScrollSpeed" />
        <KeyWord name="ctrlSetBackgroundColor" />
        <KeyWord name="ctrlSetChecked" />
        <KeyWord name="ctrlSetEventHandler" />
        <KeyWord name="ctrlSetFade" />
        <KeyWord name="ctrlSetFocus" />
        <KeyWord name="ctrlSetFont" />
        <KeyWord name="ctrlSetFontH1" />
        <KeyWord name="ctrlSetFontH1B" />
        <KeyWord name="ctrlSetFontH2" />
        <KeyWord name="ctrlSetFontH2B" />
        <KeyWord name="ctrlSetFontH3" />
        <KeyWord name="ctrlSetFontH3B" />
        <KeyWord name="ctrlSetFontH4" />
        <KeyWord name="ctrlSetFontH4B" />
        <KeyWord name="ctrlSetFontH5" />
        <KeyWord name="ctrlSetFontH5B" />
        <KeyWord name="ctrlSetFontH6" />
        <KeyWord name="ctrlSetFontH6B" />
        <KeyWord name="ctrlSetFontHeight" />
        <KeyWord name="ctrlSetFontHeightH1" />
        <KeyWord name="ctrlSetFontHeightH2" />
        <KeyWord name="ctrlSetFontHeightH3" />
        <KeyWord name="ctrlSetFontHeightH4" />
        <KeyWord name="ctrlSetFontHeightH5" />
        <KeyWord name="ctrlSetFontHeightH6" />
        <KeyWord name="ctrlSetFontP" />
        <KeyWord name="ctrlSetFontPB" />
        <KeyWord name="ctrlSetForegroundColor" />
        <KeyWord name="ctrlSetPosition" />
        <KeyWord name="ctrlSetScale" />
        <KeyWord name="ctrlSetStructuredText" />
        <KeyWord name="ctrlSetText" />
        <KeyWord name="ctrlSetTextColor" />
        <KeyWord name="ctrlSetTooltip" />
        <KeyWord name="ctrlSetTooltipColorBox" />
        <KeyWord name="ctrlSetTooltipColorShade" />
        <KeyWord name="ctrlSetTooltipColorText" />
        <KeyWord name="ctrlShow" />
        <KeyWord name="ctrlShown" />
        <KeyWord name="ctrlText" />
        <KeyWord name="ctrlTextHeight" />
        <KeyWord name="ctrlType" />
        <KeyWord name="ctrlVisible" />
        <KeyWord name="currentCommand" />
        <KeyWord name="currentMagazine" />
        <KeyWord name="currentMagazineDetail" />
        <KeyWord name="currentMuzzle" />
        <KeyWord name="currentTask" />
        <KeyWord name="currentTasks" />
        <KeyWord name="currentVisionMode" />
        <KeyWord name="currentWaypoint" />
        <KeyWord name="currentWeapon" />
        <KeyWord name="currentWeaponMode" />
        <KeyWord name="currentZeroing" />
        <KeyWord name="cursorTarget" />
        <KeyWord name="customChat" />
        <KeyWord name="customRadio" />
        <KeyWord name="cutFadeOut" />
        <KeyWord name="cutObj" />
        <KeyWord name="cutRsc" />
        <KeyWord name="cutText" />
        <KeyWord name="damage" />
        <KeyWord name="date" />
        <KeyWord name="dateToNumber" />
        <KeyWord name="daytime" />
        <KeyWord name="deActivateKey" />
        <KeyWord name="debriefingText" />
        <KeyWord name="debugLog" />
        <KeyWord name="default" />
        <KeyWord name="deg" />
        <KeyWord name="deleteCenter" />
        <KeyWord name="deleteCollection" />
        <KeyWord name="deleteEditorObject" />
        <KeyWord name="deleteGroup" />
        <KeyWord name="deleteIdentity" />
        <KeyWord name="deleteLocation" />
        <KeyWord name="deleteMarker" />
        <KeyWord name="deleteMarkerLocal" />
        <KeyWord name="deleteResources" />
        <KeyWord name="deleteSite" />
        <KeyWord name="deleteStatus" />
        <KeyWord name="deleteTarget" />
        <KeyWord name="deleteTeam" />
        <KeyWord name="deleteVehicle" />
        <KeyWord name="deleteWaypoint" />
        <KeyWord name="detach" />
        <KeyWord name="diag_captureFrame" />
        <KeyWord name="diag_captureSlowFrame" />
        <KeyWord name="diag_fps" />
        <KeyWord name="diag_fpsmin" />
        <KeyWord name="diag_frameno" />
        <KeyWord name="diag_log" />
        <KeyWord name="diag_logSlowFrame" />
        <KeyWord name="diag_tickTime" />
        <KeyWord name="dialog" />
        <KeyWord name="diarySubjectExists" />
        <KeyWord name="difficultyEnabled" />
        <KeyWord name="direction" />
        <KeyWord name="directSay" />
        <KeyWord name="disableAI" />
        <KeyWord name="disableCollisionWith" />
        <KeyWord name="disableConversation" />
        <KeyWord name="disableSerialization" />
        <KeyWord name="disableTIEquipment" />
        <KeyWord name="disableUserInput" />
        <KeyWord name="displayAddEventHandler" />
        <KeyWord name="displayCtrl" />
        <KeyWord name="displayNull" />
        <KeyWord name="displayRemoveAllEventHandlers" />
        <KeyWord name="displayRemoveEventHandler" />
        <KeyWord name="displaySetEventHandler" />
        <KeyWord name="dissolveTeam" />
        <KeyWord name="distance" />
        <KeyWord name="distanceSqr" />
        <KeyWord name="distributionRegion" />
        <KeyWord name="doArtilleryFire" />
        <KeyWord name="doFire" />
        <KeyWord name="doFollow" />
        <KeyWord name="doFSM" />
        <KeyWord name="doGetOut" />
        <KeyWord name="doMove" />
        <KeyWord name="doorPhase" />
        <KeyWord name="doStop" />
        <KeyWord name="doTarget" />
        <KeyWord name="doWatch" />
        <KeyWord name="drawArrow" />
        <KeyWord name="drawEllipse" />
        <KeyWord name="drawIcon" />
        <KeyWord name="drawIcon3D" />
        <KeyWord name="drawLine" />
        <KeyWord name="drawLine3D" />
        <KeyWord name="drawLink" />
        <KeyWord name="drawLocation" />
        <KeyWord name="drawRectangle" />
        <KeyWord name="driver" />
        <KeyWord name="drop" />
        <KeyWord name="echo" />
        <KeyWord name="editObject" />
        <KeyWord name="editorSetEventHandler" />
        <KeyWord name="effectiveCommander" />
        <KeyWord name="emptyPositions" />
        <KeyWord name="enableAI" />
        <KeyWord name="enableAIFeature" />
        <KeyWord name="enableAttack" />
        <KeyWord name="enableAutoStartUpRTD" />
        <KeyWord name="enableAutoTrimRTD" />
        <KeyWord name="enableCamShake" />
        <KeyWord name="enableCaustics" />
        <KeyWord name="enableCollisionWith" />
        <KeyWord name="enableCopilot" />
        <KeyWord name="enableCoPilot" />
        <KeyWord name="enableEndDialog" />
        <KeyWord name="enableEngineArtillery" />
        <KeyWord name="enableEnvironment" />
        <KeyWord name="enableFatigue" />
        <KeyWord name="enableGunLights" />
        <KeyWord name="enableIRLasers" />
        <KeyWord name="enableRadio" />
        <KeyWord name="enableReload" />
        <KeyWord name="enableSaving" />
        <KeyWord name="enableSentences" />
        <KeyWord name="enableSimulation" />
        <KeyWord name="enableTeamSwitch" />
        <KeyWord name="enableTraffic" />
        <KeyWord name="endLoadingScreen" />
        <KeyWord name="endMission" />
        <KeyWord name="enemy" />
        <KeyWord name="engineOn" />
        <KeyWord name="entities" />
        <KeyWord name="estimatedEndServerTime" />
        <KeyWord name="estimatedTimeLeft" />
        <KeyWord name="evalObjectArgument" />
        <KeyWord name="exec" />
        <KeyWord name="execEditorScript" />
        <KeyWord name="execFSM" />
        <KeyWord name="execVM" />
        <KeyWord name="exit" />
        <KeyWord name="exitWith" />
        <KeyWord name="exp" />
        <KeyWord name="expectedDestination" />
        <KeyWord name="exportLandscapeXYZ" />
        <KeyWord name="eyeDirection" />
        <KeyWord name="eyePos" />
        <KeyWord name="faction" />
        <KeyWord name="fadeMusic" />
        <KeyWord name="fadeRadio" />
        <KeyWord name="fadeSound" />
        <KeyWord name="fadeSpeech" />
        <KeyWord name="failMission" />
        <KeyWord name="fillWeaponsFromPool" />
        <KeyWord name="find" />
        <KeyWord name="findCover" />
        <KeyWord name="findDisplay" />
        <KeyWord name="findEditorObject" />
        <KeyWord name="findEmptyPosition" />
        <KeyWord name="findEmptyPositionReady" />
        <KeyWord name="findNearestEnemy" />
        <KeyWord name="finishMissionInit" />
        <KeyWord name="finite" />
        <KeyWord name="fire" />
        <KeyWord name="fireAtTarget" />
        <KeyWord name="firstBackpack" />
        <KeyWord name="flag" />
        <KeyWord name="flagOwner" />
        <KeyWord name="fleeing" />
        <KeyWord name="floor" />
        <KeyWord name="flyInHeight" />
        <KeyWord name="fog" />
        <KeyWord name="fogForecast" />
        <KeyWord name="forceEnd" />
        <KeyWord name="forceMap" />
        <KeyWord name="forceSpeed" />
        <KeyWord name="forceWalk" />
        <KeyWord name="forceWeaponFire" />
        <KeyWord name="forEachMember" />
        <KeyWord name="forEachMemberAgent" />
        <KeyWord name="forEachMemberTeam" />
        <KeyWord name="format" />
        <KeyWord name="formation" />
        <KeyWord name="formationDirection" />
        <KeyWord name="formationLeader" />
        <KeyWord name="formationMembers" />
        <KeyWord name="formationPosition" />
        <KeyWord name="formationTask" />
        <KeyWord name="formatText" />
        <KeyWord name="formLeader" />
        <KeyWord name="freeLook" />
        <KeyWord name="friendly" />
        <KeyWord name="fromEditor" />
        <KeyWord name="fuel" />
        <KeyWord name="gearSlotData" />
        <KeyWord name="getArray" />
        <KeyWord name="getArtilleryAmmo" />
        <KeyWord name="getArtilleryComputerSettings" />
        <KeyWord name="getBackpackCargo" />
        <KeyWord name="getBleedingRemaining" />
        <KeyWord name="getBurningValue" />
        <KeyWord name="getDammage" />
        <KeyWord name="getDir" />
        <KeyWord name="getEditorCamera" />
        <KeyWord name="getEditorMode" />
        <KeyWord name="getEditorObjectScope" />
        <KeyWord name="getElevationOffset" />
        <KeyWord name="getFatigue" />
        <KeyWord name="getFriend" />
        <KeyWord name="getFSMVariable" />
        <KeyWord name="getGroupIcon" />
        <KeyWord name="getGroupIconParams" />
        <KeyWord name="getGroupIcons" />
        <KeyWord name="getHideFrom" />
        <KeyWord name="getHitPointDamage" />
        <KeyWord name="getItemCargo" />
        <KeyWord name="getMagazineCargo" />
        <KeyWord name="getMarkerColor" />
        <KeyWord name="getMarkerPos" />
        <KeyWord name="getMarkerSize" />
        <KeyWord name="getMarkerType" />
        <KeyWord name="getNumber" />
        <KeyWord name="getObjectArgument" />
        <KeyWord name="getObjectChildren" />
        <KeyWord name="getObjectProxy" />
        <KeyWord name="getOxygenRemaining" />
        <KeyWord name="getPlayerUID" />
        <KeyWord name="getPos" />
        <KeyWord name="getPosASL" />
        <KeyWord name="getPosASLW" />
        <KeyWord name="getPosATL" />
        <KeyWord name="getResolution" />
        <KeyWord name="getSpeed" />
        <KeyWord name="getTerrainHeightASL" />
        <KeyWord name="getText" />
        <KeyWord name="getVariable" />
        <KeyWord name="getWeaponCargo" />
        <KeyWord name="getWPPos" />
        <KeyWord name="glanceAt" />
        <KeyWord name="globalChat" />
        <KeyWord name="globalRadio" />
        <KeyWord name="goggles" />
        <KeyWord name="group" />
        <KeyWord name="groupChat" />
        <KeyWord name="groupFromNetId" />
        <KeyWord name="groupIconSelectable" />
        <KeyWord name="groupIconsVisible" />
        <KeyWord name="groupID" />
        <KeyWord name="groupRadio" />
        <KeyWord name="groupSelectedUnits" />
        <KeyWord name="groupSelectUnit" />
        <KeyWord name="grpNull" />
        <KeyWord name="gunner" />
        <KeyWord name="gusts" />
        <KeyWord name="halt" />
        <KeyWord name="handgunItems" />
        <KeyWord name="handgunWeapon" />
        <KeyWord name="handsHit" />
        <KeyWord name="hasInterface" />
        <KeyWord name="hasWeapon" />
        <KeyWord name="hcAllGroups" />
        <KeyWord name="hcGroupParams" />
        <KeyWord name="hcLeader" />
        <KeyWord name="hcRemoveAllGroups" />
        <KeyWord name="hcRemoveGroup" />
        <KeyWord name="hcSelected" />
        <KeyWord name="hcSelectGroup" />
        <KeyWord name="hcSetGroup" />
        <KeyWord name="hcShowBar" />
        <KeyWord name="hcShownBar" />
        <KeyWord name="headgear" />
        <KeyWord name="hideBehindScripted" />
        <KeyWord name="hideBody" />
        <KeyWord name="hideObject" />
        <KeyWord name="hierarchyObjectsCount" />
        <KeyWord name="hint" />
        <KeyWord name="hintC" />
        <KeyWord name="hintCadet" />
        <KeyWord name="hintSilent" />
        <KeyWord name="hostMission" />
        <KeyWord name="htmlLoad" />
        <KeyWord name="humidity" />
        <KeyWord name="image" />
        <KeyWord name="importAllGroups" />
        <KeyWord name="importance" />
        <KeyWord name="inflame" />
        <KeyWord name="inflamed" />
        <KeyWord name="inGameUISetEventHandler" />
        <KeyWord name="inheritsFrom" />
        <KeyWord name="initAmbientLife" />
        <KeyWord name="inputAction" />
        <KeyWord name="inRangeOfArtillery" />
        <KeyWord name="insertEditorObject" />
        <KeyWord name="intersect" />
        <KeyWord name="isAbleToBreathe" />
        <KeyWord name="isAgent" />
        <KeyWord name="isArray" />
        <KeyWord name="isAutoHoverOn" />
        <KeyWord name="isBleeding" />
        <KeyWord name="isBurning" />
        <KeyWord name="isClass" />
        <KeyWord name="isCopilotEnabled" />
        <KeyWord name="isDedicated" />
        <KeyWord name="isEngineOn" />
        <KeyWord name="isFlashlightOn" />
        <KeyWord name="isFlatEmpty" />
        <KeyWord name="isForcedWalk" />
        <KeyWord name="isFormationLeader" />
        <KeyWord name="isHidden" />
        <KeyWord name="isHideBehindScripted" />
        <KeyWord name="isIRLaserOn" />
        <KeyWord name="isKeyActive" />
        <KeyWord name="isKindOf" />
        <KeyWord name="isLocalized" />
        <KeyWord name="isManualFire" />
        <KeyWord name="isMarkedForCollection" />
        <KeyWord name="isMultiplayer" />
        <KeyWord name="isNil" />
        <KeyWord name="isNull" />
        <KeyWord name="isNumber" />
        <KeyWord name="isOnRoad" />
        <KeyWord name="isPiPEnabled" />
        <KeyWord name="isPipEnabled" />
        <KeyWord name="isPlayer" />
        <KeyWord name="isRealTime" />
        <KeyWord name="isServer" />
        <KeyWord name="isShowing3DIcons" />
        <KeyWord name="isText" />
        <KeyWord name="isTouchingGround" />
        <KeyWord name="isTutHintsEnabled" />
        <KeyWord name="isWalking" />
        <KeyWord name="itemCargo" />
        <KeyWord name="items" />
        <KeyWord name="join" />
        <KeyWord name="joinAs" />
        <KeyWord name="joinAsSilent" />
        <KeyWord name="joinSilent" />
        <KeyWord name="kbAddDatabase" />
        <KeyWord name="kbAddDatabaseTargets" />
        <KeyWord name="kbAddTopic" />
        <KeyWord name="kbHasTopic" />
        <KeyWord name="kbReact" />
        <KeyWord name="kbRemoveTopic" />
        <KeyWord name="kbTell" />
        <KeyWord name="kbWasSaid" />
        <KeyWord name="keyImage" />
        <KeyWord name="keyName" />
        <KeyWord name="knowsAbout" />
        <KeyWord name="land" />
        <KeyWord name="landAt" />
        <KeyWord name="landResult" />
        <KeyWord name="language" />
        <KeyWord name="laserTarget" />
        <KeyWord name="lbAdd" />
        <KeyWord name="lbClear" />
        <KeyWord name="lbColor" />
        <KeyWord name="lbCurSel" />
        <KeyWord name="lbData" />
        <KeyWord name="lbDelete" />
        <KeyWord name="lbIsSelected" />
        <KeyWord name="lbPicture" />
        <KeyWord name="lbSelection" />
        <KeyWord name="lbSetColor" />
        <KeyWord name="lbSetCurSel" />
        <KeyWord name="lbSetData" />
        <KeyWord name="lbSetPicture" />
        <KeyWord name="lbSetSelected" />
        <KeyWord name="lbSetValue" />
        <KeyWord name="lbSize" />
        <KeyWord name="lbSort" />
        <KeyWord name="lbSortByValue" />
        <KeyWord name="lbText" />
        <KeyWord name="lbValue" />
        <KeyWord name="leader" />
        <KeyWord name="leaveVehicle" />
        <KeyWord name="libraryCredits" />
        <KeyWord name="libraryDisclaimers" />
        <KeyWord name="lifeState" />
        <KeyWord name="lightAttachObject" />
        <KeyWord name="lightDetachObject" />
        <KeyWord name="lightIsOn" />
        <KeyWord name="lightnings" />
        <KeyWord name="limitSpeed" />
        <KeyWord name="linearConversion" />
        <KeyWord name="lineBreak" />
        <KeyWord name="lineIntersects" />
        <KeyWord name="lineIntersectsWith" />
        <KeyWord name="linkItem" />
        <KeyWord name="list" />
        <KeyWord name="listObjects" />
        <KeyWord name="ln" />
        <KeyWord name="lnbAddArray" />
        <KeyWord name="lnbAddColumn" />
        <KeyWord name="lnbAddRow" />
        <KeyWord name="lnbClear" />
        <KeyWord name="lnbColor" />
        <KeyWord name="lnbCurSelRow" />
        <KeyWord name="lnbData" />
        <KeyWord name="lnbDeleteColumn" />
        <KeyWord name="lnbDeleteRow" />
        <KeyWord name="lnbGetColumnsPosition" />
        <KeyWord name="lnbPicture" />
        <KeyWord name="lnbSetColor" />
        <KeyWord name="lnbsetColumnsPos" />
        <KeyWord name="lnbSetCurSelRow" />
        <KeyWord name="lnbSetData" />
        <KeyWord name="lnbSetPicture" />
        <KeyWord name="lnbSetText" />
        <KeyWord name="lnbSetValue" />
        <KeyWord name="lnbSize" />
        <KeyWord name="lnbText" />
        <KeyWord name="lnbValue" />
        <KeyWord name="load" />
        <KeyWord name="loadAbs" />
        <KeyWord name="loadBackpack" />
        <KeyWord name="loadFile" />
        <KeyWord name="loadGame" />
        <KeyWord name="loadIdentity" />
        <KeyWord name="loadMagazine" />
        <KeyWord name="loadOverlay" />
        <KeyWord name="loadStatus" />
        <KeyWord name="loadUniform" />
        <KeyWord name="loadVest" />
        <KeyWord name="local" />
        <KeyWord name="localize" />
        <KeyWord name="locationNull" />
        <KeyWord name="locationPosition" />
        <KeyWord name="lock" />
        <KeyWord name="lockCargo" />
        <KeyWord name="lockDriver" />
        <KeyWord name="locked" />
        <KeyWord name="lockedCargo" />
        <KeyWord name="lockedDriver" />
        <KeyWord name="lockedTurret" />
        <KeyWord name="lockTurret" />
        <KeyWord name="lockWP" />
        <KeyWord name="lockWp" />
        <KeyWord name="log" />
        <KeyWord name="lookAt" />
        <KeyWord name="lookAtPos" />
        <KeyWord name="magazineCargo" />
        <KeyWord name="magazines" />
        <KeyWord name="magazinesDetail" />
        <KeyWord name="magazinesTurret" />
        <KeyWord name="mapAnimAdd" />
        <KeyWord name="mapAnimClear" />
        <KeyWord name="mapAnimCommit" />
        <KeyWord name="mapAnimDone" />
        <KeyWord name="mapCenterOnCamera" />
        <KeyWord name="mapGridPosition" />
        <KeyWord name="markerAlpha" />
        <KeyWord name="markerBrush" />
        <KeyWord name="markerColor" />
        <KeyWord name="markerDir" />
        <KeyWord name="markerPos" />
        <KeyWord name="markerShape" />
        <KeyWord name="markerSize" />
        <KeyWord name="markerText" />
        <KeyWord name="markerType" />
        <KeyWord name="max" />
        <KeyWord name="members" />
        <KeyWord name="min" />
        <KeyWord name="mineActive" />
        <KeyWord name="missionConfigFile" />
        <KeyWord name="missionName" />
        <KeyWord name="missionNamespace" />
        <KeyWord name="missionStart" />
        <KeyWord name="mod" />
        <KeyWord name="modelToWorld" />
        <KeyWord name="moonIntensity" />
        <KeyWord name="morale" />
        <KeyWord name="move" />
        <KeyWord name="moveInCargo" />
        <KeyWord name="moveInCommander" />
        <KeyWord name="moveInDriver" />
        <KeyWord name="moveInGunner" />
        <KeyWord name="moveInTurret" />
        <KeyWord name="moveObjectToEnd" />
        <KeyWord name="moveOut" />
        <KeyWord name="moveTarget" />
        <KeyWord name="moveTime" />
        <KeyWord name="moveTo" />
        <KeyWord name="moveToCompleted" />
        <KeyWord name="moveToFailed" />
        <KeyWord name="musicVolume" />
        <KeyWord name="name" />
        <KeyWord name="nearEntities" />
        <KeyWord name="nearestBuilding" />
        <KeyWord name="nearestLocation" />
        <KeyWord name="nearestLocations" />
        <KeyWord name="nearestLocationWithDubbing" />
        <KeyWord name="nearestObject" />
        <KeyWord name="nearestObjects" />
        <KeyWord name="nearObjects" />
        <KeyWord name="nearObjectsReady" />
        <KeyWord name="nearRoads" />
        <KeyWord name="nearTargets" />
        <KeyWord name="needReload" />
        <KeyWord name="netId" />
        <KeyWord name="newOverlay" />
        <KeyWord name="nextMenuItemIndex" />
        <KeyWord name="nextWeatherChange" />
        <KeyWord name="nil" />
        <KeyWord name="nMenuItems" />
        <KeyWord name="not" />
        <KeyWord name="numberOfEnginesRTD" />
        <KeyWord name="NumberToDate" />
        <KeyWord name="object" />
        <KeyWord name="objectFromNetId" />
        <KeyWord name="objNull" />
        <KeyWord name="objStatus" />
        <KeyWord name="onBriefingGear" />
        <KeyWord name="onBriefingGroup" />
        <KeyWord name="onBriefingNotes" />
        <KeyWord name="onBriefingPlan" />
        <KeyWord name="onBriefingTeamSwitch" />
        <KeyWord name="onCommandModeChanged" />
        <KeyWord name="onDoubleClick" />
        <KeyWord name="onEachFrame" />
        <KeyWord name="onGroupIconClick" />
        <KeyWord name="onGroupIconOverEnter" />
        <KeyWord name="onGroupIconOverLeave" />
        <KeyWord name="onHCGroupSelectionChanged" />
        <KeyWord name="onMapSingleClick" />
        <KeyWord name="onPlayerConnected" />
        <KeyWord name="onPlayerDisconnected" />
        <KeyWord name="onPreloadFinished" />
        <KeyWord name="onPreloadStarted" />
        <KeyWord name="onShowNewObject" />
        <KeyWord name="onTeamSwitch" />
        <KeyWord name="openDSInterface" />
        <KeyWord name="openMap" />
        <KeyWord name="or" />
        <KeyWord name="orderGetIn" />
        <KeyWord name="overcast" />
        <KeyWord name="overcastForecast" />
        <KeyWord name="owner" />
        <KeyWord name="parseNumber" />
        <KeyWord name="parseText" />
        <KeyWord name="parsingNamespace" />
        <KeyWord name="particlesQuality" />
        <KeyWord name="pi" />
        <KeyWord name="pickWeaponPool" />
        <KeyWord name="playableUnits" />
        <KeyWord name="playAction" />
        <KeyWord name="playActionNow" />
        <KeyWord name="player" />
        <KeyWord name="playerRespawnTime" />
        <KeyWord name="playerSide" />
        <KeyWord name="playersNumber" />
        <KeyWord name="playGesture" />
        <KeyWord name="playMission" />
        <KeyWord name="playMove" />
        <KeyWord name="playMoveNow" />
        <KeyWord name="playMusic" />
        <KeyWord name="playScriptedMission" />
        <KeyWord name="playSound" />
        <KeyWord name="playSound3D" />
        <KeyWord name="position" />
        <KeyWord name="positionCameraToWorld" />
        <KeyWord name="posScreenToWorld" />
        <KeyWord name="posWorldToScreen" />
        <KeyWord name="ppEffectAdjust" />
        <KeyWord name="ppEffectCommit" />
        <KeyWord name="ppEffectCommitted" />
        <KeyWord name="ppEffectCreate" />
        <KeyWord name="ppEffectDestroy" />
        <KeyWord name="ppEffectEnable" />
        <KeyWord name="ppEffectForceInNVG" />
        <KeyWord name="precision" />
        <KeyWord name="preloadCamera" />
        <KeyWord name="preloadObject" />
        <KeyWord name="preloadSound" />
        <KeyWord name="preloadTitleObj" />
        <KeyWord name="preloadTitleRsc" />
        <KeyWord name="preprocessFile" />
        <KeyWord name="preprocessFileLineNumbers" />
        <KeyWord name="primaryWeapon" />
        <KeyWord name="primaryWeaponItems" />
        <KeyWord name="priority" />
        <KeyWord name="private" />
        <KeyWord name="processDiaryLink" />
        <KeyWord name="processInitCommands" />
        <KeyWord name="productVersion" />
        <KeyWord name="profileName" />
        <KeyWord name="profileNamespace" />
        <KeyWord name="progressLoadingScreen" />
        <KeyWord name="progressPosition" />
        <KeyWord name="progressSetPosition" />
        <KeyWord name="publicVariable" />
        <KeyWord name="publicVariableClient" />
        <KeyWord name="publicVariableServer" />
        <KeyWord name="putWeaponPool" />
        <KeyWord name="queryMagazinePool" />
        <KeyWord name="queryWeaponPool" />
        <KeyWord name="rad" />
        <KeyWord name="radioChannelAdd" />
        <KeyWord name="radioChannelCreate" />
        <KeyWord name="radioChannelRemove" />
        <KeyWord name="radioChannelSetCallSign" />
        <KeyWord name="radioChannelSetLabel" />
        <KeyWord name="radioVolume" />
        <KeyWord name="rain" />
        <KeyWord name="rainbow" />
        <KeyWord name="random" />
        <KeyWord name="rank" />
        <KeyWord name="rankId" />
        <KeyWord name="rating" />
        <KeyWord name="rectangular" />
        <KeyWord name="registeredTasks" />
        <KeyWord name="registerTask" />
        <KeyWord name="reload" />
        <KeyWord name="reloadEnabled" />
        <KeyWord name="remoteControl" />
        <KeyWord name="removeAction" />
        <KeyWord name="removeAllAssignedItems" />
        <KeyWord name="removeAllContainers" />
        <KeyWord name="removeAllEventHandlers" />
        <KeyWord name="removeAllItems" />
        <KeyWord name="removeAllMissionEventHandlers" />
        <KeyWord name="removeAllMPEventHandlers" />
        <KeyWord name="removeAllMusicEventHandlers" />
        <KeyWord name="removeAllWeapons" />
        <KeyWord name="removeBackpack" />
        <KeyWord name="removeDrawIcon" />
        <KeyWord name="removeDrawLinks" />
        <KeyWord name="removeEventHandler" />
        <KeyWord name="removeGoggles" />
        <KeyWord name="removeGroupIcon" />
        <KeyWord name="removeHeadgear" />
        <KeyWord name="removeItem" />
        <KeyWord name="removeItemFromPrimaryWeapon" />
        <KeyWord name="removeItems" />
        <KeyWord name="removeMagazine" />
        <KeyWord name="removeMagazines" />
        <KeyWord name="removeMagazinesTurret" />
        <KeyWord name="removeMagazineTurret" />
        <KeyWord name="removeMenuItem" />
        <KeyWord name="removeMissionEventHandler" />
        <KeyWord name="removeMPEventHandler" />
        <KeyWord name="removeMusicEventHandler" />
        <KeyWord name="removeSimpleTask" />
        <KeyWord name="removeSwitchableUnit" />
        <KeyWord name="removeTeamMember" />
        <KeyWord name="removeUniform" />
        <KeyWord name="removeVest" />
        <KeyWord name="removeWeapon" />
        <KeyWord name="requiredVersion" />
        <KeyWord name="resetCamShake" />
        <KeyWord name="resetSubgroupDirection" />
        <KeyWord name="resize" />
        <KeyWord name="resources" />
        <KeyWord name="respawnVehicle" />
        <KeyWord name="restartEditorCamera" />
        <KeyWord name="reveal" />
        <KeyWord name="revealMine" />
        <KeyWord name="reversedMouseY" />
        <KeyWord name="roadsConnectedTo" />
        <KeyWord name="ropeCreate" />
        <KeyWord name="ropeDestroy" />
        <KeyWord name="ropeDetach" />
        <KeyWord name="ropeSetCargoMass" />
        <KeyWord name="round" />
        <KeyWord name="runInitScript" />
        <KeyWord name="safeZoneH" />
        <KeyWord name="safeZoneW" />
        <KeyWord name="safeZoneWAbs" />
        <KeyWord name="safeZoneX" />
        <KeyWord name="safeZoneXAbs" />
        <KeyWord name="safeZoneY" />
        <KeyWord name="saveGame" />
        <KeyWord name="saveIdentity" />
        <KeyWord name="saveJoysticks" />
        <KeyWord name="saveOverlay" />
        <KeyWord name="saveProfileNamespace" />
        <KeyWord name="saveStatus" />
        <KeyWord name="saveVar" />
        <KeyWord name="savingEnabled" />
        <KeyWord name="say" />
        <KeyWord name="say2D" />
        <KeyWord name="say3D" />
        <KeyWord name="scopeName" />
        <KeyWord name="score" />
        <KeyWord name="scoreSide" />
        <KeyWord name="screenToWorld" />
        <KeyWord name="scriptDone" />
        <KeyWord name="scriptName" />
        <KeyWord name="scudState" />
        <KeyWord name="secondaryWeapon" />
        <KeyWord name="secondaryWeaponItems" />
        <KeyWord name="select" />
        <KeyWord name="selectBestPlaces" />
        <KeyWord name="selectDiarySubject" />
        <KeyWord name="selectedEditorObjects" />
        <KeyWord name="selectEditorObject" />
        <KeyWord name="selectionPosition" />
        <KeyWord name="selectLeader" />
        <KeyWord name="selectNoPlayer" />
        <KeyWord name="selectPlayer" />
        <KeyWord name="selectWeapon" />
        <KeyWord name="sendSimpleCommand" />
        <KeyWord name="sendTask" />
        <KeyWord name="sendTaskResult" />
        <KeyWord name="sendUDPMessage" />
        <KeyWord name="serverCommand" />
        <KeyWord name="serverCommandAvailable" />
        <KeyWord name="serverTime" />
        <KeyWord name="set" />
        <KeyWord name="setAccTime" />
        <KeyWord name="setActualCollectiveRTD" />
        <KeyWord name="setAirportSide" />
        <KeyWord name="setAmmo" />
        <KeyWord name="setAmmoCargo" />
        <KeyWord name="setAperture" />
        <KeyWord name="setApertureNew" />
        <KeyWord name="setAPURTD" />
        <KeyWord name="setArmoryPoints" />
        <KeyWord name="setAttributes" />
        <KeyWord name="setBatteryChargeRTD" />
        <KeyWord name="setBatteryRTD" />
        <KeyWord name="setBehaviour" />
        <KeyWord name="setBleedingRemaining" />
        <KeyWord name="setBrakesRTD" />
        <KeyWord name="setCameraEffect" />
        <KeyWord name="setCameraInterest" />
        <KeyWord name="setCamShakeDefParams" />
        <KeyWord name="setCamShakeParams" />
        <KeyWord name="setCamUseTi" />
        <KeyWord name="setCaptive" />
        <KeyWord name="setCombatMode" />
        <KeyWord name="setCompassOscilation" />
        <KeyWord name="setCurrentTask" />
        <KeyWord name="setCurrentWaypoint" />
        <KeyWord name="setCustomWeightRTD" />
        <KeyWord name="setDamage" />
        <KeyWord name="setDammage" />
        <KeyWord name="setDate" />
        <KeyWord name="setDebriefingText" />
        <KeyWord name="setDestination" />
        <KeyWord name="setDetailMapBlendPars" />
        <KeyWord name="setDir" />
        <KeyWord name="setDirection" />
        <KeyWord name="setDrawIcon" />
        <KeyWord name="setDropInterval" />
        <KeyWord name="setEditorMode" />
        <KeyWord name="setEditorObjectScope" />
        <KeyWord name="setEffectCondition" />
        <KeyWord name="setEngineRPMRTD" />
        <KeyWord name="setFace" />
        <KeyWord name="setFaceAnimation" />
        <KeyWord name="setFatigue" />
        <KeyWord name="setFlagOwner" />
        <KeyWord name="setFlagSide" />
        <KeyWord name="setFlagTexture" />
        <KeyWord name="setFog" />
        <KeyWord name="setFormation" />
        <KeyWord name="setFormationTask" />
        <KeyWord name="setFormDir" />
        <KeyWord name="setFriend" />
        <KeyWord name="setFromEditor" />
        <KeyWord name="setFSMVariable" />
        <KeyWord name="setFuel" />
        <KeyWord name="setFuelCargo" />
        <KeyWord name="setGroupIcon" />
        <KeyWord name="setGroupIconParams" />
        <KeyWord name="setGroupIconsSelectable" />
        <KeyWord name="setGroupIconsVisible" />
        <KeyWord name="setGroupId" />
        <KeyWord name="setGusts" />
        <KeyWord name="setHideBehind" />
        <KeyWord name="setHit" />
        <KeyWord name="setHitPointDamage" />
        <KeyWord name="setHorizonParallaxCoef" />
        <KeyWord name="setHUDMovementLevels" />
        <KeyWord name="setIdentity" />
        <KeyWord name="setImportance" />
        <KeyWord name="setLeader" />
        <KeyWord name="setLightAmbient" />
        <KeyWord name="setLightAttenuation" />
        <KeyWord name="setLightBrightness" />
        <KeyWord name="setLightColor" />
        <KeyWord name="setLightDayLight" />
        <KeyWord name="setLightFlareMaxDistance" />
        <KeyWord name="setLightFlareSize" />
        <KeyWord name="setLightIntensity" />
        <KeyWord name="setLightnings" />
        <KeyWord name="setLightUseFlare" />
        <KeyWord name="setLocalWindParams" />
        <KeyWord name="setMarkerAlpha" />
        <KeyWord name="setMarkerAlphaLocal" />
        <KeyWord name="setMarkerBrush" />
        <KeyWord name="setMarkerBrushLocal" />
        <KeyWord name="setMarkerColor" />
        <KeyWord name="setMarkerColorLocal" />
        <KeyWord name="setMarkerDir" />
        <KeyWord name="setMarkerDirLocal" />
        <KeyWord name="setMarkerPos" />
        <KeyWord name="setMarkerPosLocal" />
        <KeyWord name="setMarkerShape" />
        <KeyWord name="setMarkerShapeLocal" />
        <KeyWord name="setMarkerSize" />
        <KeyWord name="setMarkerSizeLocal" />
        <KeyWord name="setMarkerText" />
        <KeyWord name="setMarkerTextLocal" />
        <KeyWord name="setMarkerType" />
        <KeyWord name="setMarkerTypeLocal" />
        <KeyWord name="setMimic" />
        <KeyWord name="setMousePosition" />
        <KeyWord name="setMusicEffect" />
        <KeyWord name="setName" />
        <KeyWord name="setObjectArguments" />
        <KeyWord name="setObjectMaterial" />
        <KeyWord name="setObjectProxy" />
        <KeyWord name="setObjectTexture" />
        <KeyWord name="setObjectViewDistance" />
        <KeyWord name="setOvercast" />
        <KeyWord name="setOwner" />
        <KeyWord name="setOxygenRemaining" />
        <KeyWord name="setParticleCircle" />
        <KeyWord name="setParticleClass" />
        <KeyWord name="setParticleParams" />
        <KeyWord name="setParticleRandom" />
        <KeyWord name="setPiPEffect" />
        <KeyWord name="setPlayable" />
        <KeyWord name="setPlayerRespawnTime" />
        <KeyWord name="setPos" />
        <KeyWord name="setPosASL" />
        <KeyWord name="setPosASL2" />
        <KeyWord name="setPosASLW" />
        <KeyWord name="setPosATL" />
        <KeyWord name="setPosition" />
        <KeyWord name="setRadioMsg" />
        <KeyWord name="setRain" />
        <KeyWord name="setRainbow" />
        <KeyWord name="setRandomLip" />
        <KeyWord name="setRank" />
        <KeyWord name="setRectangular" />
        <KeyWord name="setRepairCargo" />
        <KeyWord name="setRotorBrakeRTD" />
        <KeyWord name="setShadowDistance" />
        <KeyWord name="setSide" />
        <KeyWord name="setSimpleTaskDescription" />
        <KeyWord name="setSimpleTaskDestination" />
        <KeyWord name="setSimpleTaskTarget" />
        <KeyWord name="setSize" />
        <KeyWord name="setSkill" />
        <KeyWord name="setSoundEffect" />
        <KeyWord name="setSpeedMode" />
        <KeyWord name="setStarterRTD" />
        <KeyWord name="setSystemOfUnits" />
        <KeyWord name="setTargetAge" />
        <KeyWord name="setTaskResult" />
        <KeyWord name="setTaskState" />
        <KeyWord name="setTerrainGrid" />
        <KeyWord name="setText" />
        <KeyWord name="setThrottleRTD" />
        <KeyWord name="setTitleEffect" />
        <KeyWord name="setToneMapping" />
        <KeyWord name="setToneMappingParams" />
        <KeyWord name="setTrafficDensity" />
        <KeyWord name="setTrafficDistance" />
        <KeyWord name="setTrafficGap" />
        <KeyWord name="setTrafficSpeed" />
        <KeyWord name="setTriggerActivation" />
        <KeyWord name="setTriggerArea" />
        <KeyWord name="setTriggerStatements" />
        <KeyWord name="setTriggerText" />
        <KeyWord name="setTriggerTimeout" />
        <KeyWord name="setTriggerType" />
        <KeyWord name="setType" />
        <KeyWord name="setUnconscious" />
        <KeyWord name="setUnitAbility" />
        <KeyWord name="setUnitPos" />
        <KeyWord name="setUnitPosWeak" />
        <KeyWord name="setUnitRank" />
        <KeyWord name="setUnitRecoilCoefficient" />
        <KeyWord name="setUserActionText" />
        <KeyWord name="setVariable" />
        <KeyWord name="setVectorDir" />
        <KeyWord name="setVectorDirAndUp" />
        <KeyWord name="setVectorUp" />
        <KeyWord name="setVehicleAmmo" />
        <KeyWord name="setVehicleAmmoDef" />
        <KeyWord name="setVehicleArmor" />
        <KeyWord name="setVehicleId" />
        <KeyWord name="setVehicleInit" />
        <KeyWord name="setVehicleLock" />
        <KeyWord name="setVehiclePosition" />
        <KeyWord name="setVehicleTiPars" />
        <KeyWord name="setVehicleVarName" />
        <KeyWord name="setVelocity" />
        <KeyWord name="setVelocityTransformation" />
        <KeyWord name="setViewDistance" />
        <KeyWord name="setVisibleIfTreeCollapsed" />
        <KeyWord name="setWantedRPMRTD" />
        <KeyWord name="setWaves" />
        <KeyWord name="setWaypointBehaviour" />
        <KeyWord name="setWaypointCombatMode" />
        <KeyWord name="setWaypointCompletionRadius" />
        <KeyWord name="setWaypointDescription" />
        <KeyWord name="setWaypointFormation" />
        <KeyWord name="setWaypointHousePosition" />
        <KeyWord name="setWaypointName" />
        <KeyWord name="setWaypointPosition" />
        <KeyWord name="setWaypointScript" />
        <KeyWord name="setWaypointSpeed" />
        <KeyWord name="setWaypointStatements" />
        <KeyWord name="setWaypointTimeout" />
        <KeyWord name="setWaypointType" />
        <KeyWord name="setWaypointVisible" />
        <KeyWord name="setWeaponReloadingTime" />
        <KeyWord name="setWeaponState" />
        <KeyWord name="setWind" />
        <KeyWord name="setWindDir" />
        <KeyWord name="setWindForce" />
        <KeyWord name="setWindStr" />
        <KeyWord name="setWPPos" />
        <KeyWord name="show3DIcons" />
        <KeyWord name="showChat" />
        <KeyWord name="showCinemaBorder" />
        <KeyWord name="showCommandingMenu" />
        <KeyWord name="showCompass" />
        <KeyWord name="showGPS" />
        <KeyWord name="showHUD" />
        <KeyWord name="showLegend" />
        <KeyWord name="showMap" />
        <KeyWord name="shownArtilleryComputer" />
        <KeyWord name="shownCompass" />
        <KeyWord name="showNewEditorObject" />
        <KeyWord name="shownGPS" />
        <KeyWord name="shownMap" />
        <KeyWord name="shownPad" />
        <KeyWord name="shownRadio" />
        <KeyWord name="shownWarrant" />
        <KeyWord name="shownWatch" />
        <KeyWord name="showPad" />
        <KeyWord name="showRadio" />
        <KeyWord name="showSubtitles" />
        <KeyWord name="showWarrant" />
        <KeyWord name="showWatch" />
        <KeyWord name="showWaypoint" />
        <KeyWord name="side" />
        <KeyWord name="sideChat" />
        <KeyWord name="sideEnemy" />
        <KeyWord name="sideFriendly" />
        <KeyWord name="sideLogic" />
        <KeyWord name="sideRadio" />
        <KeyWord name="sideUnknown" />
        <KeyWord name="simpleTasks" />
        <KeyWord name="simulationEnabled" />
        <KeyWord name="sin" />
        <KeyWord name="size" />
        <KeyWord name="sizeOf" />
        <KeyWord name="skill" />
        <KeyWord name="skipTime" />
        <KeyWord name="sleep" />
        <KeyWord name="sliderPosition" />
        <KeyWord name="sliderRange" />
        <KeyWord name="sliderSetPosition" />
        <KeyWord name="sliderSetRange" />
        <KeyWord name="sliderSetSpeed" />
        <KeyWord name="sliderSpeed" />
        <KeyWord name="someAmmo" />
        <KeyWord name="soundVolume" />
        <KeyWord name="spawn" />
        <KeyWord name="speed" />
        <KeyWord name="speedMode" />
        <KeyWord name="sqrt" />
        <KeyWord name="stance" />
        <KeyWord name="startLoadingScreen" />
        <KeyWord name="step" />
        <KeyWord name="stop" />
        <KeyWord name="stopped" />
        <KeyWord name="str" />
        <KeyWord name="sunOrMoon" />
        <KeyWord name="supportInfo" />
        <KeyWord name="suppressFor" />
        <KeyWord name="surfaceIsWater" />
        <KeyWord name="surfaceNormal" />
        <KeyWord name="surfaceType" />
        <KeyWord name="swimInDepth" />
        <KeyWord name="switchableUnits" />
        <KeyWord name="switchAction" />
        <KeyWord name="switchCamera" />
        <KeyWord name="switchGesture" />
        <KeyWord name="switchLight" />
        <KeyWord name="switchMove" />
        <KeyWord name="synchronizedObjects" />
        <KeyWord name="synchronizedTriggers" />
        <KeyWord name="synchronizedWaypoints" />
        <KeyWord name="synchronizeObjectsAdd" />
        <KeyWord name="synchronizeObjectsRemove" />
        <KeyWord name="synchronizeWaypoint" />
        <KeyWord name="systemChat" />
        <KeyWord name="systemOfUnits" />
        <KeyWord name="tan" />
        <KeyWord name="targetsAggregate" />
        <KeyWord name="targetsQuery" />
        <KeyWord name="taskChildren" />
        <KeyWord name="taskCompleted" />
        <KeyWord name="taskDescription" />
        <KeyWord name="taskDestination" />
        <KeyWord name="taskHint" />
        <KeyWord name="taskNull" />
        <KeyWord name="taskParent" />
        <KeyWord name="taskResult" />
        <KeyWord name="taskState" />
        <KeyWord name="teamMember" />
        <KeyWord name="teamMemberNull" />
        <KeyWord name="teamName" />
        <KeyWord name="teams" />
        <KeyWord name="teamSwitch" />
        <KeyWord name="teamSwitchEnabled" />
        <KeyWord name="teamType" />
        <KeyWord name="terminate" />
        <KeyWord name="terrainIntersect" />
        <KeyWord name="terrainIntersectASL" />
        <KeyWord name="text" />
        <KeyWord name="textLog" />
        <KeyWord name="textLogFormat" />
        <KeyWord name="tg" />
        <KeyWord name="throttleRTD" />
        <KeyWord name="throw" />
        <KeyWord name="time" />
        <KeyWord name="titleCut" />
        <KeyWord name="titleFadeOut" />
        <KeyWord name="titleObj" />
        <KeyWord name="titleRsc" />
        <KeyWord name="titleText" />
        <KeyWord name="toArray" />
        <KeyWord name="toLower" />
        <KeyWord name="toString" />
        <KeyWord name="toUpper" />
        <KeyWord name="triggerActivated" />
        <KeyWord name="triggerActivation" />
        <KeyWord name="triggerArea" />
        <KeyWord name="triggerAttachedVehicle" />
        <KeyWord name="triggerAttachObject" />
        <KeyWord name="triggerAttachVehicle" />
        <KeyWord name="triggerStatements" />
        <KeyWord name="triggerText" />
        <KeyWord name="triggerTimeout" />
        <KeyWord name="triggerType" />
        <KeyWord name="try" />
        <KeyWord name="turretUnit" />
        <KeyWord name="type" />
        <KeyWord name="typeName" />
        <KeyWord name="typeOf" />
        <KeyWord name="uiNamespace" />
        <KeyWord name="uiSleep" />
        <KeyWord name="unassignItem" />
        <KeyWord name="unassignTeam" />
        <KeyWord name="unassignVehicle" />
        <KeyWord name="underwater" />
        <KeyWord name="uniform" />
        <KeyWord name="uniformItems" />
        <KeyWord name="unitBackpack" />
        <KeyWord name="unitPos" />
        <KeyWord name="unitReady" />
        <KeyWord name="unitRecoilCoefficient" />
        <KeyWord name="units" />
        <KeyWord name="unitsBelowHeight" />
        <KeyWord name="unlockAchievement" />
        <KeyWord name="unregisterTask" />
        <KeyWord name="updateDrawIcon" />
        <KeyWord name="updateMenuItem" />
        <KeyWord name="updateObjectTree" />
        <KeyWord name="useAudioTimeForMoves" />
        <KeyWord name="vectorDir" />
        <KeyWord name="vectorUp" />
        <KeyWord name="vehicle" />
        <KeyWord name="vehicleChat" />
        <KeyWord name="vehicleRadio" />
        <KeyWord name="vehicles" />
        <KeyWord name="vehicleVarName" />
        <KeyWord name="velocity" />
        <KeyWord name="velocityModelSpace" />
        <KeyWord name="verifySignature" />
        <KeyWord name="vest" />
        <KeyWord name="vestItems" />
        <KeyWord name="viewDistance" />
        <KeyWord name="visibleMap" />
        <KeyWord name="visiblePosition" />
        <KeyWord name="visiblePositionASL" />
        <KeyWord name="waitUntil" />
        <KeyWord name="waves" />
        <KeyWord name="waypointAttachedObject" />
        <KeyWord name="waypointAttachedVehicle" />
        <KeyWord name="waypointAttachObject" />
        <KeyWord name="waypointAttachVehicle" />
        <KeyWord name="waypointBehaviour" />
        <KeyWord name="waypointCombatMode" />
        <KeyWord name="waypointCompletionRadius" />
        <KeyWord name="waypointDescription" />
        <KeyWord name="waypointFormation" />
        <KeyWord name="waypointHousePosition" />
        <KeyWord name="waypointName" />
        <KeyWord name="waypointPosition" />
        <KeyWord name="waypoints" />
        <KeyWord name="waypointScript" />
        <KeyWord name="waypointShow" />
        <KeyWord name="waypointSpeed" />
        <KeyWord name="waypointStatements" />
        <KeyWord name="waypointTimeout" />
        <KeyWord name="waypointType" />
        <KeyWord name="waypointVisible" />
        <KeyWord name="weaponAccessories" />
        <KeyWord name="weaponCargo" />
        <KeyWord name="weaponDirection" />
        <KeyWord name="weaponLowered" />
        <KeyWord name="weapons" />
        <KeyWord name="weaponState" />
        <KeyWord name="weaponsTurret" />
        <KeyWord name="WFSideText" />
        <KeyWord name="wind" />
        <KeyWord name="windDir" />
        <KeyWord name="windStr" />
        <KeyWord name="with" />
        <KeyWord name="worldName" />
        <KeyWord name="worldToModel" />
        <KeyWord name="worldToScreen" />
    </AutoComplete>
</NotepadPlus>
